hour,issue_time,windfor,q1,q2,q3,q4,q5,q6,q7,q8,q9,q10,q11,q12,q13,q14,q15,q16,q17,q18,q19,q20,q21,q22,q23,q24,q25,q26,q27,q28,q29,q30,q31,q32,q33,q34,q35,q36,q37,q38,q39,q40,q41,q42,q43,q44,q45,q46,q47,q48,q49,q50,q51,q52,q53,q54,q55,q56,q57,q58,q59,q60,q61,q62,q63,q64,q65,q66,q67,q68,q69,q70,q71,q72,q73,q74,q75,q76,q77,q78,q79,q80,q81,q82,q83,q84,q85,q86,q87,q88,q89,q90,q91,q92,q93,q94,q95,q96,q97,q98,q99
2026-09-24 00:00,2026-09-23 08:45,3238,1272,1475,1605,1699,1771,1833,1886,1933,1976,2016,2053,2088,2121,2153,2183,2211,2239,2265,2291,2317,2342,2367,2392,2415,2438,2460,2482,2504,2525,2547,2568,2589,2609,2630,2650,2671,2690,2709,2729,2748,2766,2785,2803,2823,2842,2862,2881,2902,2922,2943,2963,2984,3005,3027,3048,3070,3091,3112,3133,3154,3175,3197,3219,3241,3264,3287,3310,3333,3356,3381,3406,3432,3459,3487,3516,3547,3580,3614,3648,3683,3719,3755,3792,3829,3869,3909,3951,3995,4043,4095,4150,4208,4275,4354,4442,4553,4700,4921,5272
2026-09-24 01:00,2026-09-23 08:45,2796,990,1162,1270,1353,1421,1482,1534,1582,1626,1666,1703,1737,1769,1799,1829,1857,1884,1909,1934,1958,1982,2004,2027,2049,2071,2093,2114,2135,2156,2177,2197,2218,2237,2256,2276,2295,2314,2333,2352,2371,2390,2409,2427,2445,2464,2482,2500,2519,2538,2557,2576,2594,2613,2632,2651,2671,2689,2708,2727,2745,2764,2783,2802,2822,2843,2864,2886,2909,2933,2956,2980,3005,3031,3057,3084,3110,3137,3165,3193,3224,3256,3289,3323,3357,3393,3432,3474,3521,3573,3632,3696,3762,3833,3911,4003,4113,4253,4453,4835
2026-09-24 02:00,2026-09-23 08:45,2607,934,1106,1206,1285,1349,1403,1453,1497,1539,1578,1614,1648,1681,1710,1739,1765,1791,1816,1841,1865,1888,1910,1931,1953,1973,1994,2014,2034,2054,2074,2094,2113,2133,2152,2172,2191,2210,2228,2247,2265,2284,2302,2321,2339,2358,2376,2395,2413,2431,2449,2467,2485,2503,2522,2541,2560,2580,2599,2618,2638,2658,2678,2697,2717,2736,2756,2776,2796,2817,2840,2862,2886,2910,2936,2961,2988,3016,3045,3075,3104,3134,3166,3200,3235,3272,3311,3350,3393,3439,3492,3551,3623,3702,3785,3876,3986,4127,4327,4685
2026-09-24 03:00,2026-09-23 08:45,2597,954,1124,1224,1303,1365,1418,1467,1509,1550,1588,1623,1656,1687,1717,1744,1771,1796,1821,1845,1869,1891,1913,1934,1955,1975,1996,2016,2035,2055,2075,2095,2115,2134,2154,2173,2193,2212,2231,2249,2269,2287,2306,2325,2344,2362,2381,2400,2418,2436,2454,2472,2490,2509,2528,2547,2567,2586,2606,2626,2646,2666,2687,2706,2726,2746,2766,2786,2807,2829,2851,2874,2898,2924,2950,2976,3004,3033,3062,3093,3123,3154,3187,3221,3258,3295,3334,3375,3419,3468,3524,3590,3664,3744,3829,3923,4039,4185,4392,4779
2026-09-24 04:00,2026-09-23 08:45,2818,1001,1170,1276,1355,1417,1473,1520,1564,1604,1641,1676,1708,1738,1766,1793,1820,1845,1869,1893,1915,1937,1958,1978,1999,2019,2039,2059,2079,2099,2118,2138,2158,2177,2197,2216,2234,2252,2271,2290,2308,2327,2345,2364,2382,2400,2418,2436,2454,2472,2490,2508,2527,2546,2565,2584,2603,2623,2643,2663,2683,2702,2722,2741,2761,2780,2800,2821,2843,2864,2887,2911,2936,2961,2987,3015,3043,3072,3100,3130,3160,3192,3225,3260,3296,3333,3372,3413,3459,3510,3568,3635,3708,3783,3865,3958,4072,4215,4418,4806
2026-09-24 05:00,2026-09-23 08:45,3251,1283,1466,1576,1661,1727,1781,1829,1871,1908,1943,1974,2005,2034,2063,2091,2117,2144,2169,2194,2218,2240,2263,2285,2306,2328,2349,2369,2390,2410,2430,2449,2468,2486,2505,2524,2544,2563,2582,2601,2620,2639,2659,2678,2696,2715,2733,2751,2768,2786,2804,2822,2841,2859,2878,2897,2917,2937,2958,2978,2999,3022,3043,3066,3088,3110,3132,3154,3177,3200,3223,3247,3272,3296,3322,3347,3373,3400,3428,3458,3490,3523,3559,3598,3639,3681,3725,3769,3815,3863,3914,3968,4029,4097,4174,4263,4372,4510,4727,5112
2026-09-24 06:00,2026-09-23 08:45,3971,1680,1889,2015,2111,2188,2251,2307,2357,2405,2448,2488,2527,2564,2600,2635,2668,2700,2730,2759,2785,2812,2838,2864,2889,2915,2940,2965,2990,3015,3040,3065,3089,3111,3134,3156,3179,3201,3222,3244,3265,3286,3307,3328,3348,3369,3390,3412,3433,3455,3477,3500,3523,3547,3572,3596,3620,3643,3666,3690,3714,3738,3762,3786,3810,3834,3858,3882,3906,3930,3954,3978,4004,4030,4058,4086,4115,4145,4173,4201,4232,4263,4296,4330,4365,4401,4438,4481,4526,4576,4631,4693,4759,4834,4925,5024,5131,5277,5477,5846
2026-09-24 07:00,2026-09-23 08:45,5025,2267,2508,2662,2773,2861,2938,3005,3066,3119,3168,3214,3256,3295,3333,3369,3404,3438,3471,3505,3537,3571,3602,3631,3659,3688,3716,3743,3771,3797,3823,3848,3872,3895,3919,3941,3963,3984,4007,4029,4052,4076,4098,4121,4143,4164,4184,4204,4224,4245,4266,4286,4306,4327,4347,4367,4387,4408,4428,4448,4469,4491,4514,4536,4559,4584,4609,4634,4660,4685,4711,4737,4762,4789,4815,4843,4872,4903,4935,4968,4998,5028,5059,5091,5126,5163,5204,5248,5294,5343,5394,5452,5517,5588,5677,5769,5892,6029,6231,6563
2026-09-24 08:00,2026-09-23 08:45,5983,3050,3317,3478,3610,3710,3795,3867,3931,3986,4039,4089,4135,4176,4213,4250,4284,4317,4350,4381,4411,4440,4470,4499,4529,4559,4588,4616,4644,4670,4696,4721,4746,4771,4795,4820,4846,4871,4895,4919,4944,4966,4988,5009,5030,5051,5073,5094,5117,5139,5161,5183,5206,5229,5252,5276,5300,5324,5348,5372,5396,5420,5445,5470,5494,5519,5544,5569,5595,5622,5650,5677,5704,5731,5758,5787,5817,5850,5884,5917,5950,5983,6017,6053,6091,6133,6176,6222,6269,6317,6370,6430,6494,6566,6650,6744,6861,7001,7216,7585
2026-09-24 09:00,2026-09-23 08:45,6622,3842,4138,4314,4443,4550,4639,4711,4778,4845,4907,4962,5010,5053,5095,5135,5173,5212,5251,5290,5327,5362,5395,5428,5459,5490,5520,5549,5577,5605,5633,5660,5686,5712,5738,5763,5788,5814,5840,5867,5893,5919,5945,5970,5995,6020,6045,6070,6096,6121,6147,6173,6199,6225,6251,6276,6301,6325,6350,6376,6401,6427,6453,6479,6505,6532,6559,6587,6615,6645,6675,6704,6733,6762,6794,6826,6860,6894,6927,6961,6997,7036,7076,7121,7167,7214,7261,7311,7366,7424,7485,7552,7629,7717,7810,7919,8053,8226,8465,8848
2026-09-24 10:00,2026-09-23 08:45,7319,4542,4868,5063,5201,5324,5420,5502,5574,5637,5695,5749,5800,5849,5897,5942,5985,6026,6067,6106,6145,6183,6220,6254,6287,6317,6348,6379,6410,6440,6470,6499,6528,6556,6584,6611,6639,6666,6692,6717,6741,6766,6792,6818,6846,6872,6898,6924,6949,6974,7000,7026,7052,7078,7106,7134,7162,7189,7217,7243,7269,7296,7323,7351,7381,7410,7439,7470,7500,7531,7562,7595,7629,7665,7701,7737,7772,7807,7843,7880,7919,7960,8003,8046,8092,8140,8192,8250,8312,8378,8441,8506,8577,8662,8760,8867,9000,9173,9398,9776
2026-09-24 11:00,2026-09-23 08:45,8060,5426,5776,5987,6142,6268,6366,6452,6529,6599,6661,6715,6765,6815,6864,6910,6952,6994,7035,7075,7116,7155,7192,7227,7260,7293,7326,7359,7393,7426,7458,7490,7521,7552,7582,7614,7646,7678,7710,7740,7768,7797,7825,7852,7880,7908,7935,7963,7991,8019,8047,8076,8106,8135,8164,8194,8225,8257,8290,8323,8356,8388,8418,8447,8476,8505,8535,8565,8597,8629,8664,8699,8735,8769,8803,8838,8875,8912,8948,8989,9031,9075,9120,9168,9216,9266,9320,9376,9433,9498,9572,9639,9716,9803,9899,10014,10148,10335,10579,11023
2026-09-24 12:00,2026-09-23 08:45,8653,6261,6640,6853,7007,7132,7232,7321,7406,7483,7554,7623,7690,7751,7805,7856,7906,7953,7998,8041,8084,8128,8170,8212,8254,8297,8339,8379,8416,8450,8484,8516,8549,8581,8614,8647,8680,8714,8745,8774,8804,8834,8865,8895,8924,8953,8984,9015,9045,9078,9108,9141,9173,9205,9235,9266,9298,9331,9363,9393,9424,9455,9488,9523,9559,9593,9623,9653,9686,9721,9756,9790,9825,9861,9895,9930,9968,10007,10047,10087,10129,10175,10228,10280,10330,10381,10437,10499,10559,10626,10704,10785,10874,10967,11069,11195,11338,11520,11775,12202
2026-09-24 13:00,2026-09-23 08:45,9223,6927,7317,7564,7751,7891,8006,8108,8204,8296,8381,8451,8513,8572,8629,8685,8736,8781,8827,8872,8916,8957,8999,9040,9082,9121,9162,9202,9239,9275,9311,9347,9381,9414,9446,9479,9513,9548,9581,9610,9639,9667,9697,9728,9758,9787,9816,9844,9872,9899,9927,9955,9983,10012,10041,10071,10100,10130,10160,10193,10227,10261,10292,10322,10353,10385,10417,10451,10486,10519,10550,10581,10615,10651,10690,10728,10765,10802,10841,10881,10923,10965,11006,11051,11100,11152,11204,11256,11313,11377,11443,11512,11592,11680,11775,11884,12020,12194,12427,12832
2026-09-24 14:00,2026-09-23 08:45,9877,7770,8223,8497,8683,8821,8940,9049,9147,9238,9314,9383,9444,9504,9565,9615,9660,9708,9754,9797,9839,9878,9915,9953,9991,10028,10065,10101,10137,10173,10210,10248,10282,10313,10344,10377,10410,10444,10477,10509,10539,10567,10596,10625,10656,10687,10718,10747,10776,10803,10831,10861,10890,10920,10949,10977,11005,11033,11062,11092,11122,11153,11183,11212,11240,11270,11302,11336,11369,11403,11437,11470,11503,11537,11574,11612,11649,11686,11723,11761,11800,11840,11883,11926,11971,12018,12070,12126,12183,12246,12313,12382,12458,12544,12639,12746,12883,13074,13328,13778
2026-09-24 15:00,2026-09-23 08:45,10457,8525,8992,9272,9450,9596,9709,9813,9900,9979,10056,10126,10191,10256,10309,10360,10414,10467,10515,10559,10601,10642,10685,10726,10765,10800,10835,10871,10907,10941,10974,11005,11037,11069,11101,11133,11164,11194,11222,11251,11282,11314,11346,11378,11410,11441,11471,11500,11529,11559,11590,11620,11649,11678,11707,11735,11764,11793,11822,11851,11880,11908,11937,11966,11995,12025,12057,12089,12122,12155,12189,12224,12259,12295,12331,12367,12404,12442,12480,12522,12564,12607,12651,12696,12743,12792,12846,12904,12968,13038,13111,13188,13270,13363,13472,13596,13745,13943,14232,14700
2026-09-24 16:00,2026-09-23 08:45,10963,9072,9520,9760,9935,10076,10196,10295,10378,10462,10534,10594,10654,10716,10770,10818,10865,10911,10954,10995,11034,11073,11112,11150,11186,11220,11254,11290,11327,11364,11399,11433,11466,11497,11528,11560,11593,11625,11656,11686,11715,11743,11770,11797,11825,11852,11879,11906,11933,11960,11986,12012,12040,12068,12096,12125,12154,12184,12213,12243,12273,12303,12332,12362,12391,12421,12451,12482,12514,12546,12578,12610,12643,12676,12708,12742,12777,12814,12852,12892,12934,12979,13026,13073,13121,13171,13222,13275,13333,13398,13466,13540,13620,13707,13806,13926,14073,14261,14509,14923
2026-09-24 17:00,2026-09-23 08:45,11526,9440,9888,10140,10310,10449,10561,10655,10749,10825,10895,10958,11015,11071,11124,11174,11220,11265,11312,11360,11406,11450,11491,11530,11569,11610,11649,11685,11719,11751,11781,11812,11842,11872,11902,11932,11961,11990,12019,12049,12079,12108,12137,12167,12198,12228,12259,12289,12317,12346,12375,12404,12432,12462,12491,12522,12551,12580,12609,12637,12667,12696,12725,12756,12786,12818,12850,12883,12916,12950,12986,13022,13059,13096,13132,13170,13208,13244,13284,13326,13370,13417,13463,13513,13564,13616,13670,13728,13789,13856,13927,14006,14094,14193,14301,14423,14562,14731,14979,15401
2026-09-24 18:00,2026-09-23 08:45,12272,9687,10174,10433,10618,10777,10901,11005,11098,11182,11255,11329,11403,11472,11531,11591,11649,11701,11746,11789,11832,11873,11914,11955,11994,12033,12072,12109,12146,12184,12223,12260,12297,12332,12366,12400,12433,12468,12502,12536,12569,12601,12632,12664,12696,12727,12759,12791,12823,12855,12887,12919,12952,12985,13018,13052,13086,13119,13153,13186,13218,13250,13283,13317,13352,13388,13425,13462,13499,13537,13576,13613,13651,13690,13731,13772,13814,13857,13901,13947,13996,14048,14101,14156,14213,14271,14331,14395,14463,14532,14607,14684,14771,14873,14982,15108,15256,15447,15706,16160
2026-09-24 19:00,2026-09-23 08:45,13165,10017,10508,10795,10995,11152,11277,11399,11504,11594,11680,11750,11811,11871,11928,11982,12036,12087,12137,12186,12236,12284,12329,12372,12414,12456,12498,12538,12575,12612,12648,12684,12720,12756,12792,12827,12861,12895,12928,12962,12996,13029,13063,13097,13130,13163,13195,13226,13256,13287,13319,13350,13383,13416,13449,13482,13516,13549,13583,13615,13647,13680,13714,13747,13782,13816,13850,13886,13921,13957,13996,14035,14076,14116,14158,14200,14243,14285,14329,14375,14422,14471,14520,14570,14622,14674,14729,14790,14856,14924,14996,15075,15156,15248,15356,15474,15614,15792,16049,16529
2026-09-24 20:00,2026-09-23 08:45,13978,10519,11051,11347,11570,11738,11860,11968,12068,12157,12246,12328,12401,12470,12537,12597,12654,12709,12763,12814,12862,12908,12953,12998,13043,13086,13127,13168,13207,13243,13279,13316,13352,13388,13425,13459,13495,13530,13566,13599,13631,13662,13693,13725,13756,13788,13820,13851,13883,13914,13946,13978,14011,14044,14078,14112,14146,14180,14213,14246,14279,14312,14346,14380,14415,14450,14485,14520,14555,14591,14626,14661,14696,14733,14772,14813,14854,14894,14936,14980,15025,15072,15116,15160,15207,15260,15316,15374,15433,15494,15560,15632,15712,15798,15898,16021,16173,16366,16655,17117
2026-09-24 21:00,2026-09-23 08:45,14336,11198,11754,12039,12254,12426,12566,12684,12787,12876,12958,13038,13110,13177,13238,13296,13352,13406,13459,13511,13559,13605,13648,13689,13730,13770,13810,13849,13888,13925,13962,13999,14037,14075,14112,14148,14184,14219,14253,14286,14319,14352,14384,14417,14450,14482,14515,14546,14578,14610,14640,14670,14700,14731,14762,14794,14827,14859,14890,14922,14955,14989,15022,15056,15088,15119,15149,15181,15214,15250,15287,15324,15362,15400,15438,15476,15513,15552,15592,15635,15678,15724,15769,15815,15864,15918,15976,16036,16101,16171,16246,16327,16420,16527,16642,16780,16935,17115,17392,17870
2026-09-24 22:00,2026-09-23 08:45,14325,10911,11460,11774,11977,12142,12292,12415,12523,12620,12708,12788,12860,12926,12992,13055,13113,13169,13221,13269,13318,13365,13413,13457,13502,13545,13587,13625,13662,13699,13736,13772,13808,13844,13879,13914,13947,13982,14017,14052,14088,14123,14158,14192,14226,14258,14291,14323,14355,14387,14420,14452,14485,14517,14549,14581,14612,14643,14673,14704,14736,14768,14802,14835,14868,14900,14934,14969,15005,15040,15076,15110,15142,15176,15212,15251,15291,15332,15374,15416,15459,15501,15544,15589,15638,15689,15743,15796,15853,15918,15990,16066,16152,16246,16353,16486,16641,16842,17092,17559
2026-09-24 23:00,2026-09-23 08:45,13987,10658,11213,11535,11758,11916,12053,12170,12283,12381,12469,12553,12629,12701,12768,12831,12890,12945,13001,13056,13107,13156,13203,13246,13290,13333,13377,13420,13460,13502,13541,13581,13617,13653,13687,13723,13758,13792,13827,13861,13895,13927,13960,13994,14028,14064,14099,14135,14170,14205,14238,14271,14305,14338,14371,14404,14438,14471,14505,14538,14572,14605,14638,14671,14704,14738,14772,14808,14843,14878,14913,14950,14989,15028,15068,15105,15141,15179,15219,15263,15308,15354,15402,15450,15497,15547,15599,15656,15716,15779,15844,15920,16005,16099,16206,16329,16488,16686,16955,17407
2026-09-25 00:00,2026-09-24 08:45,13101,10491,11021,11316,11529,11694,11819,11928,12026,12114,12194,12272,12344,12409,12471,12532,12587,12639,12690,12741,12789,12836,12882,12925,12968,13010,13052,13093,13132,13172,13210,13246,13283,13319,13355,13390,13425,13458,13493,13527,13562,13596,13628,13660,13693,13725,13757,13790,13823,13855,13888,13920,13951,13984,14016,14048,14082,14115,14149,14184,14219,14255,14291,14326,14361,14396,14432,14468,14504,14540,14576,14613,14650,14688,14727,14766,14806,14847,14888,14930,14975,15022,15071,15118,15166,15216,15272,15330,15393,15456,15521,15591,15672,15762,15863,15984,16129,16317,16604,17069
2026-09-25 01:00,2026-09-24 08:45,12362,9276,9776,10055,10258,10411,10540,10650,10754,10839,10918,10986,11054,11121,11182,11237,11292,11349,11403,11452,11497,11543,11590,11636,11679,11719,11756,11793,11830,11866,11902,11937,11972,12005,12040,12074,12107,12141,12175,12210,12245,12279,12312,12345,12377,12410,12442,12474,12507,12538,12569,12599,12629,12659,12690,12721,12753,12785,12818,12850,12882,12915,12948,12982,13017,13053,13088,13124,13161,13197,13231,13266,13302,13338,13376,13415,13454,13496,13538,13583,13628,13674,13723,13772,13824,13877,13931,13989,14052,14119,14194,14274,14359,14451,14549,14665,14805,14974,15210,15620
2026-09-25 02:00,2026-09-24 08:45,11505,8476,8968,9261,9448,9603,9726,9834,9928,10017,10100,10175,10248,10309,10370,10431,10489,10540,10589,10637,10687,10734,10778,10820,10861,10900,10938,10973,11009,11045,11083,11121,11159,11193,11227,11261,11297,11333,11369,11404,11437,11469,11500,11532,11566,11601,11635,11669,11701,11731,11761,11791,11820,11851,11881,11912,11943,11975,12006,12038,12071,12103,12137,12171,12207,12244,12281,12316,12352,12387,12423,12460,12498,12536,12574,12610,12649,12688,12730,12773,12818,12863,12909,12959,13012,13067,13123,13184,13243,13306,13374,13448,13530,13623,13726,13843,13983,14168,14422,14827
2026-09-25 03:00,2026-09-24 08:45,10492,8184,8675,8932,9134,9288,9404,9508,9604,9684,9759,9827,9891,9952,10011,10069,10122,10174,10226,10273,10315,10359,10404,10449,10492,10532,10570,10607,10645,10683,10720,10756,10791,10825,10859,10893,10925,10956,10987,11018,11050,11084,11117,11150,11182,11213,11243,11274,11307,11339,11373,11405,11436,11467,11497,11528,11561,11595,11630,11663,11697,11728,11760,11791,11823,11856,11889,11924,11959,11994,12030,12066,12103,12142,12181,12223,12267,12309,12352,12395,12439,12486,12534,12582,12631,12683,12739,12798,12860,12925,12998,13078,13166,13258,13361,13480,13625,13808,14063,14502
2026-09-25 04:00,2026-09-24 08:45,9508,7067,7499,7765,7949,8085,8204,8316,8413,8494,8568,8637,8703,8762,8814,8866,8916,8966,9016,9063,9107,9154,9198,9240,9280,9319,9357,9392,9427,9463,9500,9537,9573,9606,9637,9667,9698,9728,9758,9788,9818,9849,9879,9908,9938,9968,9999,10030,10061,10091,10121,10151,10183,10216,10248,10277,10305,10334,10365,10397,10429,10461,10493,10524,10554,10584,10616,10648,10682,10716,10750,10784,10819,10856,10892,10930,10967,11005,11046,11090,11135,11180,11224,11269,11319,11370,11422,11475,11533,11601,11672,11745,11822,11912,12017,12134,12278,12445,12676,13105
2026-09-25 05:00,2026-09-24 08:45,8609,6226,6641,6874,7042,7173,7278,7372,7460,7544,7621,7696,7764,7825,7883,7938,7988,8035,8080,8126,8169,8213,8258,8303,8345,8386,8423,8458,8492,8527,8560,8593,8625,8658,8691,8723,8755,8784,8814,8843,8873,8902,8931,8961,8992,9023,9053,9084,9114,9145,9176,9206,9236,9267,9298,9329,9359,9388,9418,9449,9482,9516,9550,9584,9615,9646,9676,9707,9739,9771,9805,9840,9874,9910,9946,9984,10024,10065,10106,10148,10194,10243,10288,10334,10384,10437,10493,10550,10611,10677,10748,10825,10911,11004,11113,11230,11369,11536,11785,12214
2026-09-25 06:00,2026-09-24 08:45,7880,5528,5959,6206,6382,6519,6637,6729,6813,6894,6967,7035,7100,7159,7213,7261,7309,7356,7403,7450,7498,7543,7587,7632,7676,7720,7762,7801,7840,7878,7915,7950,7985,8018,8052,8085,8119,8151,8183,8217,8252,8288,8323,8357,8390,8420,8450,8480,8511,8542,8572,8602,8633,8665,8697,8730,8761,8792,8822,8852,8883,8913,8944,8977,9011,9046,9081,9115,9151,9187,9223,9259,9298,9337,9375,9414,9456,9501,9549,9597,9641,9686,9732,9782,9833,9887,9944,10009,10075,10144,10224,10303,10390,10490,10603,10735,10894,11098,11360,11798
2026-09-25 07:00,2026-09-24 08:45,7234,4891,5295,5524,5686,5817,5926,6014,6098,6177,6249,6310,6371,6429,6482,6535,6584,6632,6676,6716,6753,6792,6832,6871,6909,6946,6983,7019,7055,7092,7128,7163,7197,7228,7258,7288,7318,7349,7380,7411,7443,7476,7507,7539,7570,7602,7634,7666,7700,7732,7764,7795,7826,7858,7889,7919,7949,7978,8008,8038,8070,8101,8133,8163,8196,8231,8268,8305,8342,8378,8412,8446,8481,8518,8556,8593,8632,8674,8717,8760,8803,8846,8890,8935,8985,9038,9095,9154,9216,9282,9353,9428,9518,9616,9718,9840,9994,10194,10457,10909
2026-09-25 08:00,2026-09-24 08:45,6633,4460,4805,5016,5166,5295,5397,5484,5560,5630,5692,5750,5807,5862,5913,5958,6001,6045,6088,6132,6175,6215,6253,6288,6322,6358,6393,6428,6461,6493,6526,6557,6588,6619,6650,6680,6708,6735,6763,6790,6819,6848,6877,6906,6934,6964,6992,7021,7050,7078,7109,7139,7169,7198,7226,7254,7281,7308,7336,7365,7395,7426,7458,7490,7522,7553,7586,7620,7654,7690,7726,7761,7797,7834,7871,7909,7946,7984,8024,8065,8108,8151,8197,8247,8302,8357,8411,8463,8521,8584,8652,8730,8808,8892,8991,9111,9250,9423,9671,10124
2026-09-25 09:00,2026-09-24 08:45,6185,4141,4475,4660,4799,4914,5008,5088,5158,5226,5292,5350,5403,5453,5499,5543,5586,5627,5665,5702,5737,5774,5810,5847,5883,5916,5947,5977,6007,6038,6070,6102,6134,6165,6195,6225,6254,6282,6309,6336,6365,6394,6422,6450,6478,6505,6533,6560,6587,6614,6642,6670,6696,6722,6747,6773,6799,6827,6855,6884,6913,6942,6971,7001,7030,7059,7090,7122,7155,7187,7219,7251,7282,7314,7348,7384,7421,7460,7500,7541,7583,7628,7675,7724,7774,7825,7880,7937,7997,8060,8128,8204,8294,8391,8484,8595,8740,8906,9163,9587
2026-09-25 10:00,2026-09-24 08:45,5969,3941,4240,4413,4532,4626,4706,4776,4843,4902,4956,5004,5048,5089,5130,5167,5206,5243,5280,5315,5347,5378,5408,5437,5466,5493,5520,5547,5573,5600,5626,5651,5675,5699,5722,5746,5771,5796,5821,5848,5873,5899,5923,5946,5969,5993,6016,6041,6066,6091,6116,6142,6167,6192,6217,6241,6266,6291,6315,6340,6366,6392,6417,6443,6469,6495,6522,6550,6578,6606,6635,6665,6694,6723,6751,6781,6812,6845,6879,6914,6950,6988,7026,7067,7111,7157,7205,7252,7302,7358,7421,7491,7565,7649,7745,7853,7984,8148,8404,8788
2026-09-25 11:00,2026-09-24 08:45,5821,3785,4063,4225,4341,4432,4506,4571,4627,4679,4727,4772,4816,4858,4897,4934,4968,5001,5032,5062,5092,5121,5148,5175,5203,5230,5257,5284,5309,5333,5356,5379,5402,5424,5447,5469,5490,5512,5533,5554,5576,5598,5620,5642,5663,5683,5704,5724,5744,5766,5788,5810,5833,5857,5880,5903,5926,5948,5970,5992,6015,6039,6063,6087,6112,6138,6163,6188,6214,6240,6267,6294,6320,6348,6377,6405,6434,6464,6494,6527,6560,6595,6633,6671,6709,6747,6789,6833,6880,6928,6982,7041,7109,7186,7265,7362,7487,7638,7853,8241
2026-09-25 12:00,2026-09-24 08:45,5608,3544,3821,3980,4094,4183,4257,4322,4379,4430,4476,4520,4561,4599,4635,4671,4704,4737,4769,4800,4830,4860,4888,4915,4942,4967,4992,5015,5039,5062,5085,5109,5132,5154,5176,5199,5220,5243,5265,5287,5308,5329,5350,5371,5392,5412,5433,5454,5474,5494,5514,5534,5554,5575,5597,5619,5641,5662,5683,5704,5725,5746,5769,5792,5816,5841,5866,5891,5916,5941,5966,5991,6018,6045,6072,6101,6131,6161,6191,6223,6255,6289,6322,6358,6395,6434,6474,6517,6564,6616,6672,6729,6792,6863,6939,7032,7152,7292,7505,7863
2026-09-25 13:00,2026-09-24 08:45,5386,3473,3731,3876,3982,4067,4137,4195,4247,4295,4338,4378,4415,4449,4482,4514,4545,4575,4603,4632,4660,4687,4714,4739,4764,4789,4813,4837,4860,4882,4905,4927,4948,4968,4988,5007,5027,5046,5066,5086,5106,5127,5146,5166,5186,5206,5226,5246,5266,5286,5306,5326,5345,5365,5384,5404,5424,5444,5464,5484,5504,5524,5544,5565,5586,5609,5632,5654,5677,5700,5722,5746,5770,5796,5824,5852,5881,5910,5938,5967,5996,6027,6061,6095,6132,6170,6210,6251,6294,6340,6391,6446,6505,6573,6654,6743,6851,6983,7184,7529
2026-09-25 14:00,2026-09-24 08:45,5236,3350,3601,3745,3848,3931,3999,4059,4112,4159,4200,4239,4276,4311,4344,4375,4404,4431,4458,4484,4510,4536,4561,4586,4610,4635,4659,4682,4706,4728,4751,4773,4795,4816,4838,4858,4879,4899,4919,4939,4958,4977,4995,5013,5031,5050,5068,5087,5107,5127,5146,5166,5187,5207,5227,5247,5267,5288,5308,5328,5348,5369,5389,5411,5432,5454,5476,5498,5520,5543,5566,5591,5617,5643,5669,5695,5721,5748,5777,5809,5842,5877,5911,5945,5980,6016,6055,6097,6143,6190,6242,6297,6358,6427,6502,6592,6705,6842,7031,7382
2026-09-25 15:00,2026-09-24 08:45,5144,3170,3430,3589,3701,3789,3861,3925,3980,4030,4077,4120,4159,4193,4228,4261,4292,4322,4350,4378,4404,4430,4455,4480,4505,4529,4554,4578,4602,4626,4650,4674,4698,4721,4743,4765,4787,4809,4831,4853,4874,4894,4915,4937,4957,4976,4995,5013,5032,5051,5071,5091,5112,5133,5153,5175,5197,5218,5240,5262,5284,5306,5328,5350,5372,5395,5418,5442,5466,5490,5515,5540,5567,5594,5623,5652,5681,5710,5739,5771,5805,5842,5881,5919,5955,5993,6033,6077,6125,6177,6232,6293,6357,6430,6511,6609,6728,6876,7081,7462
2026-09-25 16:00,2026-09-24 08:45,5000,2975,3239,3388,3494,3584,3657,3720,3776,3826,3871,3914,3952,3987,4022,4055,4087,4117,4146,4172,4197,4223,4248,4272,4296,4320,4343,4365,4387,4408,4429,4450,4471,4492,4513,4534,4556,4577,4599,4620,4642,4664,4686,4708,4729,4750,4771,4792,4812,4833,4854,4875,4895,4916,4937,4957,4977,4996,5015,5034,5054,5074,5095,5117,5139,5162,5186,5210,5233,5258,5283,5308,5333,5358,5384,5411,5439,5468,5499,5529,5562,5597,5634,5671,5708,5746,5789,5837,5890,5941,5992,6049,6116,6191,6276,6372,6487,6635,6840,7197
2026-09-25 17:00,2026-09-24 08:45,4906,2808,3064,3218,3330,3414,3485,3549,3608,3659,3707,3751,3793,3830,3866,3900,3931,3961,3990,4019,4046,4073,4099,4125,4149,4172,4194,4217,4240,4262,4285,4307,4329,4350,4371,4391,4412,4431,4452,4472,4493,4513,4534,4555,4576,4598,4619,4642,4664,4686,4709,4731,4752,4774,4795,4817,4839,4861,4883,4905,4928,4950,4972,4993,5014,5035,5057,5079,5102,5127,5152,5179,5206,5233,5261,5290,5318,5348,5377,5408,5441,5476,5512,5549,5591,5635,5679,5724,5771,5828,5890,5952,6016,6090,6179,6283,6402,6551,6766,7132
2026-09-25 18:00,2026-09-24 08:45,5354,2904,3189,3350,3464,3560,3640,3709,3770,3824,3874,3920,3961,4000,4037,4072,4106,4138,4169,4197,4227,4255,4283,4310,4336,4362,4387,4412,4435,4459,4484,4508,4532,4557,4581,4606,4630,4655,4680,4705,4729,4752,4776,4799,4822,4845,4868,4891,4914,4938,4960,4981,5002,5023,5044,5065,5087,5111,5134,5158,5183,5208,5232,5258,5283,5308,5334,5360,5386,5413,5440,5469,5497,5527,5558,5590,5624,5658,5691,5724,5760,5798,5840,5884,5927,5970,6014,6061,6112,6170,6233,6299,6370,6449,6538,6648,6778,6937,7175,7592
2026-09-25 19:00,2026-09-24 08:45,6149,3526,3824,3992,4109,4204,4285,4353,4414,4469,4521,4570,4616,4659,4701,4740,4778,4816,4854,4889,4924,4957,4988,5017,5045,5074,5102,5130,5157,5185,5213,5239,5265,5291,5316,5341,5365,5389,5412,5436,5459,5482,5505,5528,5551,5575,5599,5623,5646,5668,5691,5714,5737,5761,5786,5811,5837,5864,5889,5915,5940,5965,5990,6016,6043,6070,6096,6124,6153,6182,6212,6242,6273,6303,6334,6367,6400,6433,6468,6503,6541,6579,6620,6664,6708,6752,6799,6852,6906,6962,7026,7100,7181,7264,7362,7477,7619,7794,8043,8472
2026-09-25 20:00,2026-09-24 08:45,6853,4193,4516,4709,4856,4976,5070,5152,5229,5300,5362,5417,5469,5517,5562,5605,5646,5684,5722,5759,5797,5834,5870,5905,5937,5969,6000,6032,6063,6094,6126,6157,6187,6217,6246,6274,6302,6330,6359,6387,6415,6443,6469,6495,6522,6548,6574,6600,6627,6654,6681,6707,6732,6757,6783,6809,6836,6864,6891,6919,6946,6975,7004,7034,7064,7095,7128,7160,7191,7223,7253,7283,7314,7348,7382,7417,7454,7491,7530,7572,7616,7660,7707,7752,7801,7852,7905,7960,8020,8083,8150,8232,8322,8412,8502,8610,8750,8912,9173,9591
2026-09-25 21:00,2026-09-24 08:45,7582,4968,5394,5617,5777,5909,6015,6108,6197,6274,6343,6408,6467,6523,6576,6625,6672,6715,6755,6795,6835,6875,6913,6949,6986,7023,7061,7099,7137,7173,7207,7239,7269,7299,7330,7362,7394,7426,7458,7489,7521,7553,7586,7619,7652,7685,7717,7747,7776,7806,7836,7867,7897,7926,7955,7985,8015,8046,8077,8109,8140,8172,8207,8244,8282,8320,8357,8392,8424,8457,8491,8526,8562,8599,8639,8682,8726,8767,8807,8848,8891,8934,8982,9035,9092,9150,9210,9271,9340,9410,9487,9577,9663,9764,9878,10020,10192,10400,10699,11204
2026-09-25 22:00,2026-09-24 08:45,8425,5819,6250,6491,6663,6788,6898,6990,7076,7153,7218,7276,7335,7393,7449,7503,7556,7610,7663,7713,7758,7800,7843,7885,7926,7964,8002,8038,8075,8112,8149,8186,8225,8266,8306,8344,8379,8412,8442,8473,8505,8536,8568,8600,8632,8665,8698,8730,8761,8790,8820,8849,8880,8910,8940,8973,9007,9041,9076,9110,9145,9179,9213,9246,9282,9320,9358,9393,9428,9464,9503,9545,9586,9623,9660,9701,9743,9785,9829,9875,9923,9974,10027,10080,10135,10197,10263,10326,10393,10470,10549,10638,10738,10848,10968,11109,11270,11472,11758,12247
2026-09-25 23:00,2026-09-24 08:45,9283,6663,7075,7310,7498,7654,7783,7893,7991,8076,8157,8240,8322,8392,8451,8509,8566,8620,8673,8722,8767,8809,8850,8892,8931,8973,9015,9057,9097,9137,9176,9213,9249,9287,9325,9362,9396,9429,9462,9497,9533,9568,9600,9631,9662,9695,9728,9760,9791,9823,9856,9888,9921,9954,9988,10021,10055,10088,10121,10154,10191,10228,10264,10299,10333,10368,10406,10444,10483,10520,10557,10596,10636,10679,10722,10766,10810,10855,10901,10948,10995,11045,11100,11158,11212,11268,11331,11400,11470,11546,11633,11720,11814,11923,12050,12189,12360,12578,12889,13460
2026-09-26 00:00,2026-09-25 08:45,10310,8092,8524,8768,8931,9073,9189,9282,9366,9436,9504,9572,9627,9682,9734,9779,9824,9867,9907,9949,9990,10030,10069,10105,10140,10176,10212,10248,10281,10312,10344,10376,10408,10440,10473,10504,10533,10562,10590,10619,10648,10678,10707,10736,10764,10792,10819,10846,10874,10902,10930,10957,10983,11010,11037,11065,11095,11125,11155,11184,11213,11241,11272,11303,11336,11370,11403,11436,11469,11501,11535,11570,11606,11643,11679,11714,11749,11786,11824,11865,11907,11952,11997,12045,12093,12143,12197,12257,12320,12386,12459,12539,12625,12724,12841,12981,13149,13362,13647,14178
2026-09-26 01:00,2026-09-25 08:45,11233,8823,9247,9471,9632,9757,9858,9947,10031,10104,10168,10231,10286,10337,10388,10437,10484,10526,10565,10602,10640,10679,10716,10752,10786,10817,10848,10879,10910,10939,10967,10995,11022,11050,11078,11108,11137,11166,11193,11220,11247,11275,11305,11334,11364,11392,11420,11447,11474,11501,11527,11555,11583,11610,11638,11665,11692,11717,11742,11768,11794,11821,11848,11876,11904,11933,11962,11991,12022,12053,12083,12115,12146,12179,12213,12249,12287,12324,12363,12403,12444,12489,12534,12580,12628,12681,12736,12796,12859,12927,13004,13086,13172,13270,13385,13510,13659,13868,14148,14616
2026-09-26 02:00,2026-09-25 08:45,11807,9361,9749,9964,10127,10245,10341,10433,10511,10576,10639,10701,10757,10805,10850,10895,10936,10974,11011,11048,11084,11121,11157,11190,11221,11253,11287,11321,11353,11385,11415,11445,11473,11501,11529,11557,11586,11614,11642,11668,11694,11718,11741,11765,11789,11813,11838,11862,11887,11911,11936,11961,11986,12011,12037,12063,12088,12113,12139,12165,12191,12218,12246,12275,12303,12332,12361,12391,12421,12453,12486,12519,12551,12584,12618,12653,12690,12727,12766,12806,12847,12891,12936,12985,13036,13088,13141,13198,13258,13326,13399,13473,13552,13642,13751,13880,14028,14215,14476,14922
2026-09-26 03:00,2026-09-25 08:45,11934,9784,10154,10352,10505,10616,10719,10800,10869,10934,10991,11044,11095,11145,11190,11231,11273,11316,11357,11395,11431,11466,11499,11531,11565,11597,11629,11659,11688,11714,11739,11764,11790,11815,11841,11866,11891,11916,11941,11966,11990,12015,12041,12065,12089,12113,12137,12161,12185,12210,12235,12260,12286,12311,12336,12362,12387,12413,12440,12467,12496,12524,12551,12578,12605,12634,12663,12692,12722,12752,12784,12815,12848,12882,12916,12952,12990,13028,13067,13105,13145,13186,13228,13274,13323,13376,13429,13483,13540,13601,13669,13747,13832,13923,14026,14143,14288,14469,14705,15149
2026-09-26 04:00,2026-09-25 08:45,11573,9495,9859,10070,10209,10317,10414,10499,10568,10631,10694,10750,10799,10843,10888,10929,10968,11004,11040,11076,11112,11147,11179,11210,11240,11272,11305,11337,11368,11397,11426,11454,11481,11507,11534,11561,11588,11614,11641,11666,11691,11714,11737,11759,11782,11806,11829,11853,11877,11901,11925,11949,11973,11996,12021,12046,12070,12094,12119,12143,12168,12194,12220,12246,12274,12301,12329,12356,12384,12413,12443,12474,12506,12538,12570,12602,12636,12672,12708,12745,12784,12824,12867,12910,12957,13008,13059,13112,13169,13229,13296,13371,13449,13532,13627,13745,13890,14066,14314,14720
2026-09-26 05:00,2026-09-25 08:45,10952,9124,9501,9709,9848,9958,10060,10141,10211,10274,10330,10387,10441,10490,10534,10574,10613,10651,10690,10727,10762,10794,10825,10856,10886,10916,10944,10971,10998,11025,11052,11079,11107,11135,11162,11187,11212,11238,11264,11293,11321,11348,11375,11401,11427,11452,11477,11501,11526,11552,11577,11602,11627,11652,11677,11701,11724,11747,11771,11795,11820,11845,11871,11897,11924,11951,11978,12005,12033,12061,12088,12117,12146,12176,12207,12240,12274,12307,12342,12377,12414,12453,12494,12536,12579,12625,12674,12727,12783,12844,12909,12982,13060,13146,13245,13362,13495,13659,13914,14344
2026-09-26 06:00,2026-09-25 08:45,10238,8661,9042,9268,9414,9534,9633,9716,9784,9849,9907,9963,10018,10069,10117,10160,10202,10243,10280,10317,10354,10391,10427,10463,10497,10529,10559,10588,10617,10646,10675,10705,10733,10761,10787,10813,10838,10864,10890,10916,10941,10965,10989,11013,11038,11063,11089,11114,11140,11166,11191,11215,11241,11267,11295,11323,11351,11379,11407,11434,11461,11488,11515,11543,11571,11599,11628,11656,11685,11712,11740,11768,11799,11830,11863,11896,11932,11967,12002,12039,12075,12114,12153,12195,12239,12287,12335,12386,12441,12501,12563,12631,12710,12800,12902,13022,13167,13350,13589,14031
2026-09-26 07:00,2026-09-25 08:45,9550,8208,8598,8809,8952,9073,9178,9264,9336,9400,9458,9517,9574,9620,9664,9707,9746,9782,9818,9854,9887,9920,9953,9986,10019,10050,10080,10110,10138,10166,10195,10224,10252,10278,10304,10330,10357,10383,10410,10436,10463,10489,10514,10538,10561,10584,10608,10631,10655,10680,10705,10729,10754,10778,10802,10826,10850,10874,10899,10924,10949,10973,10998,11024,11050,11077,11104,11133,11161,11189,11217,11246,11278,11311,11344,11378,11411,11445,11480,11515,11553,11592,11632,11672,11712,11753,11797,11846,11899,11957,12017,12081,12151,12230,12321,12422,12547,12701,12936,13367
2026-09-26 08:00,2026-09-25 08:45,8905,7604,7981,8190,8349,8468,8567,8655,8729,8791,8850,8904,8954,9004,9052,9098,9144,9187,9227,9265,9301,9337,9371,9403,9435,9467,9499,9533,9566,9596,9624,9650,9678,9705,9731,9757,9781,9806,9832,9858,9883,9907,9933,9958,9984,10010,10035,10059,10084,10108,10132,10157,10182,10209,10236,10261,10286,10311,10337,10362,10389,10415,10442,10470,10497,10523,10549,10575,10602,10630,10659,10689,10719,10750,10781,10813,10845,10878,10912,10946,10981,11019,11059,11101,11145,11190,11237,11290,11346,11404,11466,11533,11611,11693,11781,11889,12027,12189,12409,12791
2026-09-26 09:00,2026-09-25 08:45,8663,7179,7554,7780,7929,8045,8145,8235,8320,8393,8455,8512,8565,8617,8665,8711,8752,8791,8828,8865,8901,8934,8969,9004,9037,9071,9103,9136,9167,9198,9228,9257,9286,9315,9344,9372,9399,9426,9453,9480,9509,9539,9568,9595,9620,9645,9670,9696,9721,9746,9771,9795,9820,9846,9872,9898,9924,9951,9978,10006,10033,10060,10086,10113,10141,10170,10200,10232,10262,10292,10322,10353,10385,10418,10451,10486,10520,10554,10590,10627,10666,10708,10750,10794,10838,10884,10932,10982,11037,11098,11163,11231,11310,11397,11491,11609,11742,11914,12159,12557
2026-09-26 10:00,2026-09-25 08:45,8663,7336,7695,7895,8031,8143,8240,8328,8402,8464,8521,8574,8625,8672,8716,8755,8792,8828,8864,8898,8930,8963,8996,9029,9061,9091,9122,9152,9181,9209,9237,9264,9291,9318,9345,9371,9396,9421,9445,9470,9496,9524,9551,9578,9602,9625,9648,9671,9695,9718,9741,9764,9787,9810,9834,9857,9881,9905,9929,9954,9980,10005,10030,10054,10079,10104,10130,10156,10184,10214,10244,10273,10301,10331,10361,10393,10424,10457,10492,10526,10560,10596,10633,10674,10717,10761,10806,10853,10903,10954,11009,11074,11145,11221,11311,11413,11534,11694,11905,12287
2026-09-26 11:00,2026-09-25 08:45,8730,7522,7868,8054,8192,8306,8401,8476,8542,8604,8660,8711,8756,8797,8837,8876,8913,8948,8985,9020,9055,9088,9121,9153,9184,9213,9242,9270,9298,9326,9353,9379,9404,9429,9454,9479,9505,9533,9560,9586,9609,9632,9654,9677,9700,9722,9745,9767,9789,9811,9834,9856,9879,9901,9924,9947,9970,9994,10018,10041,10064,10087,10110,10134,10158,10184,10212,10240,10266,10292,10319,10346,10374,10404,10433,10463,10495,10525,10556,10588,10621,10656,10694,10732,10772,10812,10855,10900,10946,10994,11050,11113,11180,11253,11340,11438,11556,11707,11910,12279
2026-09-26 12:00,2026-09-25 08:45,8795,7605,7957,8152,8299,8415,8504,8582,8652,8714,8767,8816,8863,8908,8950,8993,9034,9074,9112,9151,9187,9220,9252,9284,9315,9346,9375,9403,9431,9458,9486,9515,9545,9575,9600,9625,9649,9673,9698,9721,9745,9768,9790,9814,9838,9861,9883,9906,9929,9953,9976,10000,10024,10047,10069,10092,10115,10138,10162,10188,10215,10241,10266,10291,10316,10341,10367,10394,10421,10449,10477,10505,10533,10560,10588,10616,10646,10678,10711,10744,10778,10813,10850,10887,10926,10965,11006,11053,11105,11159,11214,11276,11346,11423,11508,11613,11729,11875,12094,12457
2026-09-26 13:00,2026-09-25 08:45,8934,7808,8170,8387,8534,8649,8743,8817,8889,8951,9012,9070,9124,9176,9224,9267,9309,9349,9386,9421,9456,9491,9527,9562,9594,9623,9652,9680,9708,9735,9761,9786,9811,9837,9863,9887,9911,9936,9960,9985,10010,10033,10057,10080,10102,10126,10149,10174,10199,10226,10251,10275,10298,10321,10344,10368,10393,10418,10442,10467,10492,10516,10539,10562,10586,10610,10634,10659,10685,10711,10737,10764,10791,10819,10848,10877,10907,10937,10967,10997,11030,11066,11104,11143,11182,11222,11266,11314,11365,11419,11474,11536,11606,11679,11757,11849,11970,12119,12328,12665
2026-09-26 14:00,2026-09-25 08:45,9106,7751,8146,8379,8539,8665,8764,8846,8922,8992,9058,9120,9180,9233,9282,9329,9372,9413,9451,9490,9531,9570,9604,9637,9669,9701,9730,9759,9787,9815,9843,9871,9897,9925,9951,9977,10004,10030,10055,10080,10105,10130,10156,10182,10210,10238,10263,10288,10311,10336,10361,10387,10412,10438,10464,10489,10514,10537,10561,10584,10608,10632,10657,10682,10708,10733,10758,10784,10810,10837,10865,10894,10922,10950,10978,11007,11037,11070,11104,11139,11175,11209,11245,11285,11328,11372,11418,11464,11513,11568,11627,11687,11749,11819,11902,12005,12124,12281,12488,12844
2026-09-26 15:00,2026-09-25 08:45,9158,7572,8011,8257,8439,8573,8690,8779,8859,8933,9002,9068,9131,9191,9245,9295,9342,9387,9428,9469,9511,9553,9592,9627,9661,9696,9728,9759,9789,9820,9850,9879,9908,9938,9965,9994,10023,10051,10078,10105,10132,10160,10188,10218,10247,10274,10299,10326,10352,10379,10406,10434,10461,10489,10515,10540,10565,10590,10615,10640,10667,10693,10719,10745,10772,10798,10826,10854,10882,10912,10940,10969,10998,11028,11060,11094,11128,11163,11196,11230,11266,11306,11347,11390,11433,11476,11522,11573,11628,11682,11737,11798,11865,11946,12038,12140,12271,12425,12648,13055
2026-09-26 16:00,2026-09-25 08:45,9114,8043,8456,8691,8841,8965,9073,9170,9252,9324,9388,9445,9501,9558,9606,9651,9695,9736,9773,9810,9846,9881,9915,9949,9981,10014,10045,10076,10107,10137,10167,10198,10229,10258,10286,10312,10339,10367,10395,10422,10450,10477,10504,10529,10552,10576,10600,10624,10648,10673,10697,10721,10745,10769,10793,10817,10842,10867,10893,10919,10944,10968,10993,11018,11045,11072,11100,11129,11157,11185,11212,11240,11269,11301,11333,11366,11399,11433,11467,11501,11537,11577,11617,11657,11697,11737,11780,11826,11876,11932,11992,12058,12129,12210,12305,12407,12537,12694,12930,13352
2026-09-26 17:00,2026-09-25 08:45,9236,8609,8982,9209,9363,9477,9583,9665,9740,9803,9864,9919,9971,10021,10070,10116,10159,10201,10242,10279,10313,10348,10383,10418,10452,10485,10516,10544,10572,10599,10626,10654,10681,10708,10734,10760,10785,10810,10836,10861,10887,10913,10938,10962,10985,11008,11032,11056,11082,11107,11132,11157,11181,11204,11228,11252,11278,11305,11332,11359,11387,11413,11440,11467,11493,11520,11549,11579,11608,11638,11666,11695,11723,11752,11783,11813,11846,11879,11914,11951,11989,12028,12069,12111,12155,12201,12253,12305,12359,12416,12481,12550,12624,12707,12805,12924,13070,13248,13487,13903
2026-09-26 18:00,2026-09-25 08:45,9957,9254,9656,9874,10033,10160,10262,10342,10422,10495,10555,10610,10665,10715,10762,10804,10846,10889,10930,10967,11002,11037,11072,11108,11142,11175,11205,11234,11265,11298,11331,11363,11395,11426,11457,11486,11514,11543,11572,11602,11630,11658,11686,11712,11738,11764,11791,11818,11845,11872,11898,11925,11952,11979,12005,12034,12062,12090,12118,12147,12176,12206,12236,12268,12298,12329,12360,12391,12422,12455,12488,12522,12556,12590,12626,12661,12697,12735,12774,12816,12860,12908,12957,13008,13061,13115,13171,13227,13285,13351,13422,13498,13582,13677,13786,13909,14053,14242,14507,14965
2026-09-26 19:00,2026-09-25 08:45,11030,9422,9883,10141,10309,10447,10559,10655,10742,10815,10885,10951,11010,11067,11124,11175,11221,11268,11317,11365,11412,11456,11497,11536,11577,11616,11653,11689,11722,11755,11787,11819,11852,11883,11914,11945,11975,12005,12037,12067,12098,12128,12159,12190,12222,12254,12286,12317,12348,12378,12408,12438,12469,12501,12531,12562,12593,12623,12654,12684,12714,12745,12777,12809,12842,12877,12911,12947,12985,13022,13060,13098,13136,13175,13213,13251,13292,13335,13381,13427,13473,13520,13570,13622,13677,13735,13794,13856,13919,13987,14063,14147,14240,14342,14456,14580,14728,14936,15213,15684
2026-09-26 20:00,2026-09-25 08:45,11912,9301,9838,10126,10313,10468,10589,10700,10795,10879,10956,11027,11095,11160,11216,11272,11330,11388,11441,11490,11537,11585,11631,11673,11712,11748,11784,11820,11857,11892,11927,11961,11994,12028,12062,12094,12127,12160,12193,12227,12260,12294,12326,12357,12388,12420,12451,12483,12515,12546,12577,12607,12637,12668,12700,12732,12763,12795,12827,12860,12893,12926,12961,12996,13032,13068,13104,13140,13177,13212,13248,13285,13324,13366,13409,13450,13493,13536,13581,13627,13675,13725,13776,13829,13884,13939,13999,14063,14132,14208,14287,14372,14464,14561,14668,14800,14963,15163,15448,15907
2026-09-26 21:00,2026-09-25 08:45,12451,9637,10175,10455,10656,10819,10955,11070,11174,11263,11354,11439,11510,11580,11646,11704,11755,11805,11854,11902,11949,11993,12038,12080,12121,12162,12203,12244,12285,12324,12362,12399,12436,12473,12511,12546,12581,12615,12650,12685,12721,12756,12791,12826,12860,12895,12928,12962,12997,13032,13067,13102,13137,13172,13206,13240,13275,13311,13348,13386,13424,13460,13497,13533,13572,13609,13648,13687,13727,13767,13808,13850,13892,13935,13980,14026,14074,14123,14175,14227,14281,14336,14393,14453,14513,14574,14637,14704,14778,14860,14945,15036,15133,15243,15370,15507,15670,15878,16196,16756
2026-09-26 22:00,2026-09-25 08:45,12775,9453,10037,10337,10549,10726,10868,10992,11100,11196,11284,11373,11453,11523,11592,11657,11712,11762,11812,11862,11910,11956,12001,12046,12088,12130,12172,12214,12256,12298,12338,12376,12415,12453,12492,12530,12566,12601,12636,12672,12709,12745,12782,12818,12852,12888,12921,12956,12992,13028,13063,13099,13135,13171,13205,13239,13275,13311,13349,13388,13426,13462,13500,13537,13576,13614,13653,13693,13733,13773,13815,13857,13900,13943,13988,14035,14083,14133,14185,14237,14291,14347,14405,14465,14525,14586,14649,14716,14792,14872,14957,15047,15142,15252,15379,15513,15672,15877,16190,16740
2026-09-26 23:00,2026-09-25 08:45,12848,9277,9897,10230,10452,10627,10784,10916,11029,11134,11223,11312,11400,11477,11546,11616,11679,11732,11783,11835,11886,11934,11981,12029,12074,12117,12160,12204,12249,12294,12336,12377,12417,12458,12499,12539,12577,12614,12651,12689,12728,12767,12805,12842,12879,12915,12951,12989,13026,13064,13102,13139,13176,13211,13247,13284,13322,13362,13402,13441,13479,13518,13557,13596,13636,13675,13717,13757,13799,13841,13884,13926,13971,14016,14064,14112,14163,14215,14267,14321,14376,14435,14494,14553,14613,14675,14741,14815,14890,14971,15057,15145,15245,15360,15480,15613,15777,15997,16311,16870
2026-10-02 17:00,2026-10-02 16:45,17226,15158,15937,16387,16706,16941,17135,17300,17435,17553,17663,17769,17864,17956,18043,18123,18197,18271,18345,18413,18476,18533,18587,18638,18687,18737,18788,18840,18890,18935,18977,19017,19055,19093,19131,19168,19207,19245,19283,19324,19364,19406,19448,19492,19536,19581,19625,19668,19711,19753,19794,19835,19876,19919,19962,20006,20053,20098,20145,20193,20240,20287,20335,20382,20430,20478,20524,20571,20617,20664,20711,20758,20806,20852,20901,20952,21000,21050,21101,21152,21204,21260,21319,21380,21444,21511,21580,21654,21729,21802,21877,21955,22035,22118,22205,22303,22416,22559,22749,23067
2026-10-02 18:00,2026-10-02 16:45,17118,14862,15662,16143,16467,16740,16950,17126,17281,17406,17519,17622,17723,17819,17911,17997,18079,18155,18226,18298,18368,18432,18492,18549,18602,18653,18704,18757,18812,18868,18920,18968,19014,19058,19102,19144,19186,19230,19273,19317,19361,19406,19452,19500,19548,19595,19642,19687,19734,19778,19821,19864,19910,19955,20002,20050,20098,20147,20197,20247,20296,20347,20396,20447,20497,20546,20595,20645,20695,20745,20795,20843,20894,20947,20997,21047,21098,21150,21202,21257,21315,21375,21438,21503,21570,21641,21714,21784,21856,21929,22003,22078,22156,22236,22326,22425,22542,22683,22875,23188
2026-10-02 19:00,2026-10-02 16:45,16609,14368,15044,15454,15756,15994,16186,16338,16465,16590,16709,16814,16907,16992,17075,17159,17238,17312,17378,17442,17502,17558,17614,17671,17726,17782,17833,17887,17938,17988,18037,18084,18130,18173,18216,18260,18306,18352,18397,18441,18484,18525,18565,18603,18639,18676,18713,18753,18794,18838,18881,18924,18966,19007,19047,19087,19128,19169,19212,19256,19299,19343,19388,19434,19482,19531,19581,19632,19681,19733,19783,19833,19887,19942,20000,20061,20124,20190,20257,20324,20394,20466,20537,20609,20683,20759,20838,20923,21010,21100,21194,21297,21414,21537,21673,21813,21963,22129,22336,22679
2026-10-02 20:00,2026-10-02 19:45,16640,13735,14378,14764,15040,15264,15455,15624,15773,15905,16019,16120,16207,16285,16356,16422,16488,16556,16625,16690,16752,16812,16868,16921,16973,17024,17075,17128,17179,17227,17275,17319,17361,17402,17443,17483,17521,17557,17595,17632,17670,17708,17746,17784,17819,17856,17893,17929,17966,18003,18039,18075,18111,18147,18184,18221,18260,18301,18342,18382,18422,18461,18500,18538,18576,18613,18649,18686,18724,18765,18809,18855,18903,18951,19000,19049,19099,19149,19203,19258,19316,19375,19439,19507,19581,19656,19733,19809,19890,19979,20079,20193,20319,20458,20607,20783,20990,21231,21566,22050
2026-10-02 21:00,2026-10-02 19:45,16096,12918,13547,13931,14188,14419,14598,14756,14890,15014,15127,15234,15336,15434,15526,15612,15694,15777,15856,15925,15991,16057,16117,16171,16223,16272,16320,16366,16410,16454,16500,16548,16596,16644,16691,16736,16781,16826,16869,16912,16953,16995,17036,17079,17122,17164,17206,17247,17288,17326,17364,17401,17438,17475,17510,17545,17580,17615,17652,17690,17728,17767,17805,17843,17882,17921,17960,18000,18040,18080,18122,18164,18207,18253,18302,18352,18402,18452,18501,18552,18601,18651,18702,18759,18822,18891,18962,19039,19118,19205,19300,19404,19524,19659,19802,19963,20174,20452,20824,21420
2026-10-02 22:00,2026-10-02 19:45,14939,11852,12491,12880,13161,13392,13573,13747,13891,14017,14128,14231,14341,14441,14529,14610,14687,14760,14829,14895,14960,15022,15082,15142,15202,15258,15316,15377,15433,15489,15542,15594,15646,15697,15750,15803,15855,15904,15950,15995,16042,16087,16130,16171,16212,16251,16291,16331,16369,16408,16447,16488,16529,16573,16617,16660,16701,16744,16788,16833,16877,16922,16967,17012,17059,17108,17156,17205,17253,17302,17349,17396,17443,17489,17535,17581,17630,17682,17737,17793,17850,17907,17966,18025,18087,18153,18224,18303,18386,18467,18553,18642,18741,18866,19008,19170,19371,19638,19977,20608
2026-10-02 23:00,2026-10-02 19:45,14188,11169,11880,12258,12559,12795,12988,13158,13314,13451,13571,13693,13802,13900,13994,14078,14155,14230,14311,14389,14460,14527,14590,14650,14709,14766,14821,14875,14927,14979,15028,15078,15128,15179,15228,15276,15327,15379,15429,15478,15525,15571,15618,15665,15712,15760,15811,15860,15907,15952,15997,16045,16090,16134,16177,16220,16262,16305,16348,16392,16436,16481,16528,16577,16625,16673,16720,16769,16821,16875,16929,16984,17040,17098,17158,17218,17280,17341,17401,17462,17521,17581,17645,17717,17791,17866,17940,18017,18097,18186,18286,18393,18500,18615,18747,18921,19122,19376,19752,20359
2026-10-03 00:00,2026-10-02 23:45,12817,10241,11057,11488,11816,12047,12228,12414,12574,12716,12843,12953,13056,13158,13255,13347,13437,13519,13598,13675,13744,13811,13879,13949,14014,14075,14133,14190,14249,14310,14367,14423,14475,14525,14575,14624,14673,14723,14771,14817,14862,14906,14949,14992,15034,15078,15121,15165,15209,15252,15297,15344,15391,15436,15483,15527,15572,15617,15665,15714,15764,15816,15866,15915,15964,16014,16065,16115,16165,16215,16264,16315,16367,16421,16479,16541,16605,16666,16726,16790,16859,16932,17004,17079,17158,17243,17335,17428,17522,17619,17732,17853,17978,18114,18272,18452,18640,18895,19245,19880
2026-10-03 01:00,2026-10-02 23:45,12165,10110,10810,11191,11453,11678,11867,12017,12141,12255,12378,12489,12594,12689,12776,12860,12936,13008,13080,13153,13221,13290,13355,13421,13481,13540,13599,13658,13713,13766,13819,13873,13928,13982,14032,14079,14125,14172,14218,14268,14320,14369,14417,14462,14505,14547,14590,14634,14678,14723,14767,14810,14852,14893,14934,14975,15015,15056,15099,15142,15187,15230,15273,15318,15364,15409,15454,15500,15546,15593,15642,15692,15745,15801,15857,15910,15966,16025,16085,16143,16203,16263,16327,16395,16469,16550,16629,16706,16790,16884,16986,17093,17207,17339,17484,17645,17847,18088,18429,18941
2026-10-03 02:00,2026-10-02 23:45,11830,10054,10662,11003,11234,11421,11589,11740,11870,11979,12074,12159,12240,12328,12415,12496,12572,12645,12713,12777,12840,12900,12957,13013,13069,13125,13181,13235,13289,13340,13391,13440,13488,13537,13585,13634,13683,13729,13774,13820,13867,13915,13962,14007,14049,14090,14131,14172,14215,14260,14307,14353,14399,14442,14483,14523,14563,14605,14647,14691,14736,14779,14823,14866,14908,14949,14991,15032,15077,15123,15171,15219,15266,15313,15362,15410,15459,15510,15562,15616,15673,15734,15800,15867,15934,16007,16086,16163,16244,16330,16425,16533,16646,16760,16901,17066,17249,17484,17802,18336
2026-10-03 03:00,2026-10-02 23:45,11130,9493,10038,10357,10594,10765,10915,11038,11143,11246,11338,11427,11513,11587,11662,11742,11815,11880,11940,11995,12049,12099,12148,12194,12242,12292,12345,12399,12451,12502,12552,12600,12647,12693,12738,12782,12825,12868,12910,12950,12993,13034,13078,13120,13164,13206,13249,13291,13331,13371,13412,13452,13493,13536,13578,13623,13669,13715,13760,13806,13854,13901,13949,13994,14038,14082,14126,14172,14219,14270,14324,14377,14430,14480,14529,14579,14631,14687,14746,14805,14865,14924,14983,15043,15110,15182,15253,15325,15398,15475,15559,15650,15755,15878,16017,16180,16368,16623,16958,17503
2026-10-03 04:00,2026-10-02 23:45,10344,8565,9104,9392,9603,9777,9927,10052,10167,10263,10356,10448,10531,10604,10668,10730,10795,10857,10913,10967,11019,11065,11112,11159,11207,11255,11301,11345,11390,11433,11476,11516,11556,11595,11637,11683,11730,11776,11819,11859,11899,11937,11974,12010,12047,12082,12117,12151,12185,12220,12256,12293,12332,12374,12415,12458,12501,12543,12585,12626,12669,12712,12755,12798,12841,12884,12928,12973,13019,13067,13116,13167,13216,13267,13316,13365,13417,13471,13530,13591,13657,13727,13800,13878,13956,14031,14110,14194,14285,14383,14486,14591,14708,14843,14985,15144,15331,15538,15836,16380
2026-10-03 05:00,2026-10-02 23:45,9487,7265,7789,8107,8335,8518,8674,8812,8920,9020,9110,9193,9271,9342,9410,9472,9533,9597,9662,9715,9765,9820,9873,9925,9972,10019,10066,10112,10158,10200,10241,10284,10327,10372,10418,10463,10505,10544,10584,10622,10660,10697,10734,10773,10814,10853,10891,10927,10964,11000,11035,11069,11103,11139,11176,11214,11253,11291,11328,11365,11404,11441,11479,11516,11553,11592,11633,11679,11727,11775,11822,11867,11912,11957,12003,12051,12098,12145,12193,12242,12295,12354,12417,12483,12550,12618,12694,12777,12863,12952,13051,13164,13285,13409,13557,13741,13974,14242,14605,15217
2026-10-03 06:00,2026-10-02 23:45,8363,6073,6516,6772,6965,7124,7258,7365,7474,7578,7666,7748,7828,7905,7973,8034,8091,8146,8202,8257,8310,8362,8413,8462,8507,8552,8598,8641,8683,8724,8765,8807,8846,8882,8918,8954,8989,9023,9058,9092,9127,9161,9194,9229,9263,9297,9332,9368,9404,9438,9471,9505,9540,9578,9617,9656,9690,9722,9755,9791,9828,9866,9906,9944,9982,10020,10057,10096,10136,10175,10214,10254,10300,10348,10399,10449,10499,10546,10594,10644,10696,10749,10807,10867,10925,10986,11048,11113,11188,11267,11347,11432,11524,11626,11764,11910,12088,12290,12582,13152
2026-10-03 07:00,2026-10-02 23:45,6825,4961,5333,5541,5687,5809,5914,6006,6086,6162,6235,6301,6358,6412,6469,6524,6573,6619,6664,6708,6749,6787,6823,6860,6898,6937,6974,7009,7044,7080,7115,7149,7183,7217,7248,7277,7305,7332,7360,7390,7421,7453,7484,7516,7549,7581,7612,7642,7671,7700,7730,7762,7793,7824,7855,7886,7918,7948,7978,8008,8037,8066,8095,8125,8157,8190,8222,8254,8286,8318,8351,8385,8421,8457,8492,8527,8564,8603,8641,8682,8725,8771,8820,8868,8916,8964,9014,9069,9125,9183,9247,9320,9401,9485,9591,9706,9836,10021,10283,10727
2026-10-03 08:00,2026-10-02 23:45,5720,4168,4479,4674,4806,4913,4999,5075,5145,5211,5276,5334,5386,5434,5479,5521,5562,5601,5638,5674,5709,5744,5778,5812,5846,5879,5911,5942,5973,6004,6033,6062,6090,6119,6147,6176,6206,6234,6261,6289,6316,6342,6368,6393,6419,6447,6475,6502,6529,6555,6580,6607,6633,6661,6688,6717,6744,6771,6796,6821,6846,6873,6901,6931,6960,6989,7017,7046,7076,7106,7136,7167,7197,7227,7255,7284,7314,7344,7377,7414,7453,7493,7535,7580,7626,7672,7720,7774,7828,7888,7950,8020,8096,8180,8275,8380,8511,8662,8887,9268
2026-10-03 09:00,2026-10-03 08:45,5597,4282,4607,4793,4927,5025,5109,5186,5261,5329,5388,5440,5489,5536,5582,5624,5664,5702,5739,5775,5811,5846,5880,5913,5945,5976,6006,6035,6063,6090,6119,6146,6174,6202,6229,6256,6283,6309,6334,6359,6383,6408,6434,6462,6489,6517,6545,6571,6597,6625,6652,6679,6706,6733,6759,6784,6809,6832,6856,6881,6908,6935,6963,6990,7017,7044,7073,7101,7130,7158,7186,7215,7243,7269,7297,7324,7351,7381,7412,7447,7482,7519,7558,7600,7643,7686,7731,7780,7831,7884,7941,8006,8078,8156,8242,8340,8460,8611,8820,9197
2026-10-03 10:00,2026-10-03 08:45,4924,3991,4327,4530,4673,4779,4869,4949,5013,5072,5126,5179,5230,5281,5328,5370,5410,5448,5484,5520,5555,5589,5621,5653,5684,5714,5743,5773,5801,5830,5859,5886,5914,5940,5966,5991,6017,6041,6066,6089,6114,6138,6162,6186,6211,6234,6258,6281,6305,6328,6351,6375,6398,6421,6446,6473,6499,6525,6551,6577,6603,6630,6657,6684,6711,6738,6763,6788,6812,6837,6862,6888,6917,6947,6977,7008,7038,7070,7103,7135,7168,7201,7235,7267,7300,7335,7371,7413,7461,7510,7565,7627,7693,7764,7842,7932,8047,8190,8392,8737
2026-10-03 11:00,2026-10-03 08:45,4941,4033,4414,4635,4780,4896,4990,5068,5139,5207,5272,5331,5384,5433,5478,5522,5564,5604,5642,5679,5715,5749,5783,5817,5850,5882,5912,5941,5969,5996,6023,6049,6075,6101,6127,6152,6177,6203,6228,6253,6277,6302,6325,6349,6373,6397,6420,6446,6472,6498,6524,6550,6574,6599,6624,6649,6674,6698,6723,6746,6768,6790,6812,6834,6855,6878,6902,6928,6955,6981,7008,7034,7062,7090,7118,7145,7173,7201,7230,7257,7285,7313,7342,7373,7408,7447,7488,7530,7578,7631,7685,7743,7806,7872,7951,8046,8159,8304,8515,8868
2026-10-03 12:00,2026-10-03 08:45,5014,4227,4632,4846,5001,5122,5226,5321,5402,5472,5535,5593,5646,5696,5743,5787,5830,5871,5909,5944,5977,6010,6041,6072,6102,6132,6161,6190,6219,6247,6274,6301,6327,6353,6377,6402,6426,6452,6478,6504,6531,6556,6580,6604,6629,6653,6677,6700,6723,6745,6766,6786,6807,6826,6845,6866,6886,6908,6932,6955,6979,7002,7024,7048,7072,7096,7120,7144,7168,7192,7217,7241,7264,7288,7313,7337,7362,7390,7419,7452,7485,7519,7556,7596,7639,7682,7727,7775,7825,7881,7945,8016,8095,8182,8283,8404,8552,8727,8977,9442
2026-10-03 13:00,2026-10-03 08:45,5111,4189,4545,4733,4866,4980,5071,5152,5228,5298,5359,5414,5463,5509,5553,5595,5635,5673,5710,5745,5780,5814,5847,5879,5909,5938,5965,5992,6018,6044,6069,6094,6119,6144,6169,6195,6220,6244,6268,6293,6316,6340,6363,6386,6409,6432,6457,6482,6507,6533,6558,6581,6605,6630,6654,6679,6703,6726,6750,6771,6792,6813,6834,6855,6877,6901,6926,6953,6979,7005,7030,7057,7084,7111,7138,7166,7194,7222,7251,7279,7308,7337,7368,7402,7440,7481,7524,7571,7623,7677,7735,7799,7868,7949,8045,8154,8286,8458,8690,9097
2026-10-03 14:00,2026-10-03 08:45,4980,3856,4165,4355,4495,4601,4683,4749,4809,4869,4929,4981,5027,5071,5114,5155,5196,5236,5277,5313,5348,5381,5412,5441,5470,5498,5525,5553,5579,5606,5632,5658,5684,5710,5735,5760,5785,5810,5835,5861,5885,5910,5934,5956,5979,6002,6024,6046,6068,6089,6111,6134,6156,6179,6202,6225,6248,6272,6296,6320,6344,6367,6391,6414,6440,6466,6494,6522,6550,6578,6606,6636,6666,6697,6727,6757,6785,6813,6841,6871,6903,6940,6978,7015,7054,7096,7139,7185,7232,7279,7328,7383,7452,7528,7618,7723,7847,8012,8247,8650
2026-10-03 15:00,2026-10-03 08:45,4571,3267,3574,3751,3872,3975,4059,4134,4202,4261,4318,4371,4421,4470,4514,4556,4595,4629,4661,4690,4718,4745,4772,4799,4828,4857,4887,4917,4945,4971,4996,5020,5043,5066,5089,5113,5136,5160,5185,5211,5237,5263,5288,5313,5337,5361,5383,5406,5428,5451,5472,5495,5517,5540,5562,5586,5609,5633,5657,5683,5708,5734,5758,5783,5807,5832,5859,5886,5913,5940,5965,5991,6016,6041,6067,6093,6121,6151,6182,6215,6247,6280,6315,6350,6387,6426,6471,6521,6573,6628,6689,6754,6816,6885,6973,7068,7187,7320,7526,7904
2026-10-03 16:00,2026-10-03 08:45,4130,2612,2900,3085,3211,3309,3398,3478,3549,3613,3671,3722,3769,3813,3857,3899,3941,3981,4018,4054,4089,4124,4158,4191,4222,4251,4280,4309,4336,4364,4393,4422,4450,4478,4505,4532,4558,4584,4607,4629,4651,4671,4692,4712,4733,4753,4775,4796,4819,4843,4868,4892,4918,4943,4967,4990,5013,5035,5057,5079,5101,5124,5148,5173,5200,5227,5255,5285,5313,5341,5368,5396,5424,5453,5482,5513,5545,5579,5614,5651,5691,5732,5771,5810,5851,5895,5941,5984,6026,6070,6118,6177,6245,6314,6390,6487,6616,6781,6995,7336
2026-10-03 17:00,2026-10-03 08:45,3899,2118,2404,2574,2697,2799,2886,2965,3039,3105,3162,3213,3262,3309,3356,3402,3447,3491,3533,3572,3610,3647,3682,3715,3747,3778,3808,3839,3869,3899,3930,3960,3990,4017,4044,4072,4100,4128,4155,4183,4210,4235,4258,4283,4308,4333,4358,4384,4411,4437,4464,4489,4515,4540,4565,4589,4612,4634,4656,4677,4698,4720,4742,4766,4790,4815,4842,4870,4899,4929,4959,4988,5016,5044,5072,5100,5129,5160,5194,5230,5270,5309,5348,5387,5428,5470,5517,5568,5622,5684,5749,5813,5882,5960,6032,6110,6225,6362,6571,6960
2026-10-03 18:00,2026-10-03 08:45,4159,1753,2059,2233,2366,2473,2557,2630,2697,2759,2817,2870,2923,2974,3025,3072,3118,3160,3199,3237,3274,3311,3348,3384,3421,3456,3492,3527,3561,3593,3626,3659,3690,3720,3750,3779,3808,3837,3866,3896,3926,3955,3985,4013,4040,4067,4095,4123,4152,4180,4208,4234,4259,4285,4311,4337,4365,4394,4422,4451,4480,4507,4535,4563,4590,4615,4640,4665,4691,4717,4744,4773,4802,4834,4867,4901,4937,4973,5007,5041,5075,5109,5146,5186,5232,5283,5333,5383,5436,5491,5555,5626,5709,5793,5884,5988,6088,6240,6439,6845
2026-10-03 19:00,2026-10-03 08:45,4641,2349,2663,2855,3004,3126,3220,3303,3382,3457,3527,3590,3649,3704,3753,3800,3846,3891,3935,3979,4018,4056,4094,4130,4166,4201,4232,4262,4292,4321,4350,4379,4409,4438,4467,4495,4522,4550,4576,4602,4625,4649,4672,4694,4717,4739,4763,4786,4810,4836,4861,4887,4913,4939,4964,4987,5011,5033,5055,5076,5098,5121,5144,5168,5194,5220,5249,5278,5306,5333,5361,5388,5415,5443,5470,5498,5529,5560,5594,5628,5666,5707,5746,5784,5823,5865,5910,5956,6000,6043,6089,6144,6211,6283,6361,6451,6581,6752,6967,7336
2026-10-03 20:00,2026-10-03 08:45,5107,2847,3179,3375,3528,3646,3741,3821,3894,3960,4018,4070,4120,4167,4212,4252,4290,4326,4361,4396,4430,4463,4495,4527,4558,4588,4616,4643,4668,4693,4717,4740,4764,4788,4812,4836,4860,4884,4909,4932,4955,4977,4998,5019,5039,5058,5078,5097,5118,5138,5160,5182,5206,5229,5253,5279,5302,5326,5349,5371,5393,5415,5437,5458,5480,5502,5525,5550,5574,5600,5626,5654,5682,5712,5740,5768,5795,5823,5853,5884,5917,5951,5983,6016,6048,6081,6118,6158,6204,6252,6303,6356,6414,6488,6578,6685,6807,6957,7176,7532
2026-10-03 21:00,2026-10-03 08:45,5539,3100,3485,3706,3852,3968,4057,4135,4206,4266,4321,4373,4423,4470,4515,4559,4600,4637,4671,4702,4732,4761,4789,4816,4845,4873,4901,4930,4956,4982,5006,5030,5052,5075,5097,5120,5143,5167,5191,5217,5242,5269,5294,5319,5343,5366,5389,5411,5434,5455,5477,5499,5522,5544,5567,5591,5614,5637,5662,5686,5711,5735,5758,5782,5806,5830,5855,5881,5908,5935,5961,5987,6014,6039,6065,6090,6118,6146,6177,6211,6244,6278,6315,6352,6389,6429,6474,6526,6581,6639,6704,6771,6836,6912,7001,7103,7231,7379,7601,7999
2026-10-03 22:00,2026-10-03 08:45,6004,3712,4026,4206,4332,4435,4525,4604,4668,4722,4769,4814,4859,4904,4947,4986,5023,5058,5090,5122,5154,5186,5218,5251,5284,5314,5344,5371,5398,5424,5449,5473,5497,5521,5546,5570,5594,5617,5641,5665,5689,5713,5736,5758,5781,5804,5827,5851,5875,5898,5922,5945,5969,5991,6014,6037,6059,6082,6104,6128,6151,6176,6201,6227,6254,6280,6307,6334,6361,6388,6415,6444,6475,6508,6543,6578,6614,6651,6690,6729,6767,6803,6839,6877,6920,6967,7013,7061,7115,7174,7237,7301,7370,7451,7541,7652,7781,7947,8196,8626
2026-10-03 23:00,2026-10-03 08:45,6501,4365,4676,4838,4965,5062,5144,5219,5291,5352,5406,5455,5500,5544,5585,5624,5662,5698,5732,5766,5799,5831,5864,5894,5924,5953,5982,6011,6038,6065,6091,6119,6145,6172,6200,6227,6254,6280,6306,6331,6356,6380,6405,6430,6457,6484,6513,6542,6570,6598,6625,6652,6679,6706,6733,6760,6784,6808,6831,6854,6879,6905,6932,6960,6988,7014,7040,7068,7097,7127,7156,7187,7218,7249,7279,7311,7343,7375,7409,7445,7481,7519,7560,7603,7649,7694,7740,7791,7844,7902,7966,8039,8118,8204,8300,8414,8547,8708,8931,9367
2026-10-04 00:00,2026-10-03 08:45,6973,4940,5263,5451,5584,5687,5774,5852,5924,5989,6049,6105,6159,6214,6265,6310,6352,6392,6432,6475,6519,6562,6600,6636,6670,6704,6736,6766,6794,6821,6848,6875,6904,6934,6964,6993,7020,7046,7073,7101,7128,7155,7183,7209,7235,7259,7283,7307,7330,7352,7375,7399,7423,7449,7474,7500,7526,7553,7581,7608,7635,7661,7687,7712,7737,7763,7790,7817,7842,7868,7895,7923,7950,7980,8011,8041,8072,8104,8137,8171,8206,8241,8277,8317,8357,8397,8440,8485,8531,8583,8636,8693,8758,8835,8916,9009,9140,9309,9514,9855
2026-10-04 01:00,2026-10-03 08:45,7501,5541,5856,6056,6209,6328,6418,6508,6590,6658,6718,6770,6816,6859,6905,6952,6995,7034,7072,7111,7148,7185,7221,7253,7284,7313,7341,7367,7395,7424,7453,7482,7510,7539,7567,7594,7621,7647,7673,7697,7722,7746,7771,7797,7821,7844,7868,7890,7913,7936,7959,7982,8006,8029,8052,8075,8098,8121,8144,8168,8192,8216,8240,8263,8287,8312,8336,8361,8386,8412,8437,8464,8490,8517,8544,8573,8603,8632,8661,8692,8725,8759,8796,8834,8873,8912,8953,8996,9044,9100,9160,9225,9297,9374,9453,9546,9666,9794,9987,10368
2026-10-04 02:00,2026-10-03 08:45,7964,6161,6507,6703,6825,6927,7018,7094,7166,7231,7286,7335,7380,7427,7474,7517,7559,7598,7636,7671,7705,7737,7770,7803,7834,7864,7892,7920,7946,7973,8000,8025,8050,8075,8098,8122,8146,8170,8193,8217,8239,8261,8283,8305,8326,8348,8370,8392,8414,8436,8458,8480,8502,8524,8546,8568,8591,8613,8635,8656,8678,8700,8723,8747,8770,8795,8820,8845,8870,8894,8919,8944,8970,8996,9024,9053,9085,9116,9149,9182,9217,9254,9292,9332,9371,9410,9450,9492,9540,9592,9650,9707,9763,9831,9909,9997,10111,10261,10482,10811
2026-10-04 03:00,2026-10-03 08:45,8325,6770,7062,7240,7360,7468,7557,7636,7701,7760,7817,7868,7915,7957,7998,8037,8074,8107,8139,8171,8202,8232,8261,8289,8315,8340,8366,8391,8417,8442,8467,8492,8516,8540,8564,8587,8610,8632,8652,8674,8695,8717,8740,8762,8784,8806,8829,8851,8872,8894,8915,8936,8957,8979,9001,9023,9046,9070,9093,9116,9139,9163,9187,9212,9237,9263,9289,9316,9342,9367,9393,9419,9445,9472,9499,9528,9559,9591,9625,9659,9692,9724,9756,9791,9830,9871,9913,9957,10001,10050,10106,10166,10234,10312,10404,10509,10622,10761,10958,11302
2026-10-04 04:00,2026-10-03 08:45,8655,7129,7417,7610,7739,7844,7931,8004,8071,8127,8178,8227,8272,8313,8350,8387,8423,8459,8496,8530,8563,8595,8624,8652,8679,8707,8735,8763,8790,8817,8844,8869,8893,8918,8943,8968,8992,9017,9042,9066,9090,9113,9136,9159,9182,9206,9230,9254,9278,9303,9328,9352,9375,9398,9420,9444,9467,9491,9515,9540,9566,9592,9619,9647,9674,9699,9723,9748,9773,9799,9828,9857,9886,9916,9946,9974,10003,10033,10066,10099,10134,10170,10208,10248,10291,10336,10386,10441,10497,10549,10605,10666,10732,10807,10892,10986,11100,11258,11463,11773
2026-10-04 05:00,2026-10-03 08:45,8978,7376,7718,7911,8052,8158,8246,8319,8382,8444,8504,8561,8612,8656,8700,8744,8786,8826,8864,8899,8935,8970,9005,9039,9071,9101,9130,9158,9186,9214,9242,9272,9301,9331,9358,9385,9411,9436,9462,9488,9514,9541,9568,9595,9623,9651,9678,9702,9726,9750,9773,9798,9824,9850,9876,9903,9929,9954,9978,10003,10028,10053,10079,10105,10131,10157,10185,10213,10241,10271,10300,10331,10364,10400,10436,10472,10507,10539,10571,10605,10641,10676,10714,10753,10794,10839,10885,10931,10978,11030,11086,11148,11221,11301,11387,11484,11593,11734,11918,12250
2026-10-04 06:00,2026-10-03 08:45,9356,7668,8029,8231,8365,8480,8582,8665,8742,8813,8876,8935,8991,9043,9091,9134,9175,9215,9257,9299,9340,9377,9412,9446,9481,9514,9548,9583,9618,9654,9686,9716,9744,9771,9800,9830,9860,9889,9919,9948,9975,10001,10027,10053,10080,10107,10133,10159,10185,10212,10239,10266,10293,10321,10349,10379,10410,10441,10471,10501,10529,10555,10581,10608,10636,10664,10693,10723,10751,10781,10813,10845,10877,10909,10940,10970,11002,11034,11067,11101,11137,11176,11217,11259,11304,11350,11398,11449,11502,11557,11614,11676,11752,11832,11912,12005,12134,12273,12447,12828
2026-10-04 07:00,2026-10-03 08:45,9712,7880,8253,8453,8612,8733,8843,8932,9016,9088,9152,9211,9270,9329,9382,9430,9476,9522,9568,9616,9663,9704,9740,9776,9814,9852,9890,9928,9962,9994,10026,10058,10090,10122,10153,10184,10214,10244,10274,10304,10335,10366,10399,10432,10465,10498,10527,10555,10583,10612,10641,10670,10700,10729,10757,10787,10818,10849,10880,10910,10939,10968,10997,11026,11055,11083,11112,11142,11173,11207,11241,11276,11312,11348,11385,11424,11461,11500,11539,11579,11618,11660,11707,11758,11809,11857,11904,11954,12008,12074,12146,12218,12279,12337,12427,12562,12706,12884,13156,13588
2026-10-04 08:00,2026-10-03 08:45,10069,8799,9214,9456,9632,9765,9886,9986,10070,10149,10223,10287,10346,10406,10462,10515,10563,10609,10655,10698,10739,10780,10823,10864,10903,10939,10974,11009,11042,11073,11103,11133,11163,11193,11224,11256,11287,11317,11346,11375,11404,11433,11461,11490,11519,11548,11576,11604,11631,11659,11689,11721,11752,11783,11812,11839,11865,11891,11916,11942,11967,11992,12019,12048,12079,12110,12142,12174,12203,12231,12256,12280,12303,12327,12353,12384,12417,12456,12500,12548,12594,12638,12681,12723,12766,12811,12861,12919,12982,13053,13131,13214,13298,13388,13504,13639,13803,14007,14276,14732
2026-10-04 09:00,2026-10-03 08:45,10314,9633,10075,10321,10493,10626,10735,10838,10924,11000,11066,11122,11176,11233,11287,11335,11379,11423,11466,11508,11549,11588,11625,11663,11704,11745,11783,11818,11850,11879,11908,11936,11962,11987,12014,12042,12071,12101,12130,12159,12186,12211,12235,12257,12278,12298,12320,12341,12365,12390,12417,12446,12476,12508,12542,12575,12606,12636,12665,12691,12717,12743,12768,12793,12819,12847,12875,12906,12938,12971,13006,13042,13079,13116,13153,13190,13225,13261,13298,13334,13371,13412,13456,13505,13558,13611,13666,13725,13788,13856,13922,13989,14061,14144,14247,14376,14522,14680,14915,15366
2026-10-04 10:00,2026-10-03 08:45,10586,10053,10515,10764,10951,11084,11192,11296,11379,11457,11529,11594,11655,11722,11784,11836,11881,11923,11962,11998,12036,12075,12115,12154,12189,12220,12250,12278,12305,12333,12363,12394,12425,12459,12493,12529,12564,12598,12630,12660,12689,12716,12743,12770,12796,12823,12850,12877,12906,12935,12965,12996,13026,13057,13089,13120,13149,13180,13209,13237,13265,13294,13322,13349,13377,13407,13438,13471,13506,13542,13577,13612,13648,13683,13721,13759,13798,13839,13879,13917,13954,13993,14032,14074,14119,14169,14225,14288,14355,14425,14499,14572,14643,14722,14817,14937,15083,15282,15570,16059
2026-10-04 11:00,2026-10-03 08:45,10854,10210,10711,10996,11181,11338,11463,11574,11671,11771,11852,11917,11973,12027,12084,12140,12191,12235,12275,12314,12354,12397,12441,12486,12532,12575,12617,12656,12692,12727,12762,12796,12829,12862,12896,12929,12962,12997,13031,13065,13100,13133,13165,13197,13227,13256,13286,13316,13344,13374,13405,13436,13469,13503,13537,13571,13603,13636,13668,13701,13735,13768,13802,13836,13870,13902,13934,13966,13998,14031,14065,14100,14138,14177,14220,14266,14314,14362,14412,14462,14512,14560,14607,14653,14702,14754,14810,14873,14944,15017,15096,15187,15285,15401,15526,15677,15861,16084,16387,16975
2026-10-04 12:00,2026-10-03 08:45,11095,10479,11037,11336,11550,11723,11868,11970,12060,12149,12225,12291,12357,12426,12493,12559,12619,12675,12725,12775,12822,12868,12912,12955,13000,13043,13087,13129,13171,13210,13247,13285,13321,13356,13393,13431,13468,13507,13545,13582,13617,13653,13688,13724,13757,13791,13826,13860,13893,13925,13956,13989,14021,14054,14087,14121,14157,14193,14232,14271,14312,14352,14393,14434,14474,14513,14551,14588,14625,14661,14698,14736,14775,14814,14857,14903,14951,15000,15048,15100,15154,15212,15269,15332,15398,15464,15534,15610,15690,15777,15872,15968,16082,16200,16333,16492,16702,16973,17366,18000
2026-10-04 13:00,2026-10-03 08:45,11317,10786,11312,11609,11836,11982,12103,12208,12295,12382,12470,12555,12630,12694,12752,12807,12859,12910,12961,13014,13065,13116,13165,13210,13253,13296,13337,13378,13421,13462,13503,13544,13582,13619,13657,13696,13734,13771,13808,13846,13883,13918,13952,13988,14023,14059,14094,14130,14167,14204,14243,14283,14324,14363,14404,14444,14483,14520,14557,14593,14629,14664,14699,14735,14771,14808,14847,14887,14931,14976,15020,15064,15112,15160,15210,15258,15311,15366,15421,15477,15535,15596,15660,15724,15795,15868,15940,16020,16109,16197,16292,16394,16515,16659,16810,16994,17220,17496,17861,18441
2026-10-04 14:00,2026-10-03 08:45,11560,11201,11700,11979,12154,12292,12422,12549,12657,12739,12809,12874,12942,13011,13078,13143,13202,13255,13308,13359,13411,13461,13508,13554,13596,13639,13683,13728,13771,13815,13859,13900,13941,13982,14023,14063,14103,14142,14181,14221,14261,14303,14345,14386,14427,14467,14506,14543,14580,14616,14651,14686,14722,14757,14792,14828,14866,14907,14949,14991,15033,15074,15116,15158,15202,15244,15288,15336,15384,15431,15478,15526,15577,15628,15680,15731,15786,15843,15901,15955,16018,16086,16150,16218,16287,16359,16436,16524,16621,16716,16817,16929,17057,17199,17355,17525,17726,17967,18284,18791
2026-10-04 15:00,2026-10-03 08:45,11711,11334,11832,12081,12254,12409,12555,12675,12765,12842,12917,12993,13070,13143,13207,13264,13321,13377,13434,13487,13536,13582,13626,13672,13720,13765,13811,13856,13901,13944,13988,14030,14073,14113,14154,14194,14235,14276,14319,14360,14401,14441,14481,14519,14556,14592,14629,14664,14700,14736,14771,14806,14843,14881,14922,14964,15005,15045,15085,15126,15167,15209,15249,15291,15337,15383,15428,15472,15518,15565,15612,15661,15709,15758,15810,15863,15916,15968,16026,16090,16150,16212,16275,16341,16410,16486,16573,16663,16750,16843,16945,17060,17187,17324,17470,17634,17826,18055,18364,18847
2026-10-04 16:00,2026-10-03 08:45,11902,11315,11805,12058,12232,12384,12527,12648,12742,12821,12895,12966,13038,13112,13177,13232,13285,13337,13391,13445,13494,13540,13582,13624,13666,13711,13754,13796,13839,13882,13923,13965,14007,14047,14087,14126,14164,14202,14241,14281,14321,14360,14400,14439,14477,14513,14548,14583,14618,14653,14689,14724,14760,14794,14830,14868,14907,14948,14988,15027,15066,15107,15147,15189,15230,15271,15314,15361,15406,15450,15497,15542,15590,15638,15687,15736,15789,15843,15898,15950,16010,16076,16140,16206,16274,16345,16419,16503,16600,16697,16796,16905,17029,17167,17320,17486,17675,17908,18214,18696
2026-10-04 17:00,2026-10-03 08:45,12031,11541,11987,12214,12401,12570,12699,12799,12884,12963,13043,13125,13196,13254,13310,13367,13428,13482,13532,13576,13618,13662,13708,13753,13796,13841,13885,13929,13973,14017,14059,14100,14140,14179,14218,14257,14298,14338,14378,14417,14456,14494,14530,14565,14601,14636,14671,14707,14743,14778,14813,14850,14888,14927,14968,15008,15046,15086,15125,15166,15207,15246,15287,15331,15376,15421,15463,15508,15552,15597,15643,15689,15735,15784,15836,15888,15938,15991,16049,16109,16168,16229,16291,16355,16422,16498,16585,16673,16760,16854,16956,17069,17192,17323,17462,17615,17793,18017,18322,18800
2026-10-04 18:00,2026-10-03 08:45,12275,11564,11993,12216,12401,12566,12693,12795,12880,12957,13035,13114,13185,13242,13296,13349,13406,13461,13509,13554,13594,13636,13677,13720,13760,13801,13843,13885,13926,13968,14010,14049,14088,14126,14163,14199,14235,14273,14311,14350,14387,14424,14461,14496,14529,14563,14596,14629,14662,14695,14729,14763,14797,14832,14868,14906,14946,14986,15025,15062,15102,15141,15181,15221,15260,15303,15347,15393,15437,15481,15525,15571,15616,15663,15709,15757,15809,15862,15915,15967,16026,16090,16152,16216,16282,16350,16423,16506,16602,16700,16802,16911,17033,17167,17314,17475,17652,17876,18183,18661
2026-10-04 19:00,2026-10-03 08:45,12688,11995,12395,12671,12848,12979,13109,13217,13304,13388,13469,13536,13594,13652,13711,13767,13823,13877,13929,13982,14032,14080,14125,14169,14210,14251,14294,14337,14378,14418,14457,14495,14530,14566,14600,14634,14668,14702,14736,14769,14802,14836,14871,14908,14946,14984,15022,15058,15095,15130,15167,15204,15239,15276,15315,15355,15396,15435,15474,15512,15550,15589,15627,15667,15705,15745,15786,15828,15871,15913,15953,15998,16045,16095,16142,16191,16240,16290,16341,16393,16450,16513,16582,16655,16725,16799,16877,16959,17045,17139,17235,17340,17450,17566,17693,17840,18021,18245,18532,19012
2026-10-04 20:00,2026-10-03 08:45,13092,12281,12733,12976,13170,13314,13441,13544,13634,13721,13800,13876,13945,14013,14076,14134,14188,14239,14291,14343,14391,14437,14480,14521,14561,14599,14637,14674,14712,14749,14784,14819,14855,14892,14930,14969,15008,15045,15081,15118,15153,15190,15225,15260,15296,15335,15374,15413,15449,15486,15521,15557,15593,15629,15665,15701,15737,15774,15811,15848,15886,15922,15957,15996,16037,16080,16120,16160,16201,16243,16285,16328,16372,16415,16462,16512,16567,16625,16682,16739,16797,16858,16921,16987,17056,17129,17204,17282,17365,17449,17536,17627,17726,17837,17964,18112,18284,18487,18739,19223
2026-10-04 21:00,2026-10-03 08:45,13502,12486,12919,13174,13357,13505,13626,13735,13832,13919,14000,14074,14143,14205,14264,14324,14379,14431,14479,14524,14567,14609,14649,14690,14730,14769,14806,14845,14883,14923,14964,15006,15045,15083,15121,15158,15196,15232,15268,15306,15346,15386,15424,15461,15498,15534,15571,15607,15644,15681,15717,15753,15789,15826,15863,15899,15933,15969,16006,16046,16086,16124,16162,16200,16240,16279,16320,16360,16401,16444,16487,16535,16587,16640,16692,16744,16796,16850,16904,16962,17021,17083,17148,17213,17281,17351,17423,17497,17570,17648,17732,17823,17924,18038,18163,18302,18462,18642,18923,19384
2026-10-04 22:00,2026-10-03 08:45,13868,12702,13132,13391,13581,13736,13864,13974,14072,14159,14237,14313,14383,14446,14503,14556,14606,14654,14703,14750,14794,14838,14883,14929,14976,15023,15066,15110,15151,15194,15234,15274,15315,15358,15401,15441,15480,15519,15559,15598,15638,15677,15715,15752,15790,15827,15864,15901,15936,15971,16009,16048,16087,16123,16159,16195,16233,16270,16308,16346,16383,16421,16461,16502,16545,16592,16640,16686,16732,16778,16825,16872,16919,16968,17020,17072,17127,17182,17237,17294,17353,17411,17471,17530,17590,17653,17721,17791,17866,17945,18033,18124,18221,18328,18443,18565,18710,18922,19208,19694
2026-10-04 23:00,2026-10-03 08:45,14196,12790,13228,13494,13695,13853,13984,14096,14194,14285,14370,14445,14511,14571,14628,14684,14738,14789,14839,14889,14942,14995,15045,15093,15140,15187,15231,15273,15317,15363,15407,15448,15490,15531,15573,15614,15657,15697,15736,15774,15814,15852,15890,15926,15963,16000,16039,16079,16115,16150,16187,16223,16260,16297,16333,16370,16407,16445,16483,16524,16567,16612,16657,16701,16744,16787,16831,16875,16919,16965,17012,17060,17109,17160,17210,17261,17314,17368,17421,17477,17531,17586,17643,17704,17767,17833,17902,17974,18050,18130,18212,18301,18398,18496,18603,18728,18899,19116,19394,19897
2026-10-05 00:00,2026-10-03 08:45,14476,12897,13304,13559,13752,13902,14024,14127,14220,14307,14387,14460,14524,14581,14635,14688,14740,14789,14837,14887,14941,14995,15044,15091,15137,15182,15226,15269,15313,15360,15406,15448,15491,15532,15575,15618,15662,15704,15746,15787,15828,15870,15910,15948,15987,16028,16070,16109,16148,16186,16225,16263,16300,16338,16374,16411,16450,16489,16531,16576,16622,16667,16712,16757,16802,16847,16892,16938,16985,17033,17082,17133,17184,17234,17286,17338,17390,17443,17498,17553,17610,17670,17734,17800,17867,17937,18011,18086,18162,18241,18327,18418,18509,18608,18719,18864,19043,19264,19583,20076
2026-10-05 01:00,2026-10-03 08:45,14699,13114,13541,13811,14003,14146,14269,14382,14478,14557,14628,14695,14759,14819,14881,14947,15012,15070,15125,15179,15230,15280,15332,15385,15435,15483,15530,15579,15628,15676,15722,15767,15813,15857,15900,15941,15982,16024,16069,16109,16148,16188,16227,16265,16302,16339,16375,16411,16448,16486,16526,16568,16612,16655,16698,16741,16782,16824,16867,16909,16953,16997,17041,17086,17132,17178,17223,17268,17314,17360,17405,17452,17499,17547,17595,17647,17700,17754,17810,17866,17924,17982,18042,18103,18165,18227,18294,18365,18437,18508,18582,18661,18752,18861,18987,19130,19299,19526,19837,20316
2026-10-05 02:00,2026-10-03 08:45,14895,13164,13618,13905,14097,14250,14388,14503,14597,14679,14759,14834,14911,14991,15061,15127,15190,15249,15308,15368,15425,15479,15533,15587,15641,15693,15743,15792,15840,15887,15931,15975,16019,16066,16108,16149,16188,16228,16266,16303,16339,16375,16410,16447,16483,16522,16562,16604,16646,16687,16727,16768,16808,16848,16888,16929,16970,17012,17054,17095,17138,17179,17220,17261,17303,17344,17385,17427,17470,17513,17556,17600,17647,17695,17744,17794,17843,17894,17944,17996,18049,18101,18156,18210,18268,18330,18394,18458,18522,18589,18659,18738,18832,18938,19058,19193,19358,19590,19887,20361
2026-10-05 03:00,2026-10-03 08:45,14950,13168,13627,13916,14109,14264,14405,14521,14617,14702,14784,14863,14947,15029,15101,15169,15234,15296,15360,15422,15480,15537,15594,15652,15706,15759,15810,15860,15908,15953,15999,16047,16093,16135,16177,16217,16257,16296,16333,16370,16406,16444,16482,16523,16565,16609,16653,16696,16738,16779,16821,16862,16903,16945,16987,17029,17071,17114,17156,17197,17237,17279,17320,17362,17403,17445,17488,17530,17573,17618,17665,17713,17762,17811,17860,17909,17958,18009,18059,18110,18162,18214,18269,18328,18389,18449,18509,18571,18635,18702,18779,18867,18964,19070,19187,19326,19505,19741,20009,20488
2026-10-05 04:00,2026-10-03 08:45,14909,13214,13687,13977,14172,14338,14480,14592,14688,14780,14869,14963,15051,15129,15204,15271,15342,15411,15475,15538,15600,15663,15720,15776,15830,15883,15932,15981,16030,16081,16126,16169,16212,16254,16294,16332,16371,16409,16448,16488,16531,16576,16621,16666,16710,16754,16795,16838,16881,16922,16965,17008,17050,17093,17136,17177,17219,17259,17301,17342,17383,17424,17466,17508,17550,17592,17637,17683,17730,17778,17825,17872,17919,17966,18014,18061,18108,18157,18206,18256,18309,18365,18421,18476,18531,18587,18645,18705,18773,18848,18932,19020,19115,19220,19343,19496,19688,19896,20170,20646
2026-10-05 05:00,2026-10-03 08:45,14846,13183,13655,13948,14145,14310,14456,14571,14667,14758,14843,14934,15024,15103,15176,15245,15312,15380,15445,15508,15569,15631,15689,15744,15798,15850,15900,15948,15996,16045,16092,16136,16178,16220,16260,16299,16338,16376,16414,16453,16493,16536,16580,16625,16670,16713,16757,16799,16842,16885,16927,16971,17014,17057,17101,17145,17187,17228,17269,17311,17352,17393,17434,17476,17518,17560,17603,17648,17695,17742,17790,17837,17885,17932,17980,18028,18075,18123,18172,18221,18273,18328,18384,18440,18496,18553,18612,18671,18736,18809,18890,18979,19074,19180,19301,19452,19646,19864,20138,20625
2026-10-05 06:00,2026-10-03 08:45,14790,13238,13724,14004,14200,14370,14512,14622,14717,14803,14889,14979,15059,15132,15203,15267,15332,15397,15457,15516,15574,15632,15687,15739,15789,15839,15887,15933,15978,16024,16070,16112,16153,16192,16233,16271,16309,16347,16385,16422,16462,16501,16543,16588,16632,16676,16718,16761,16802,16844,16886,16928,16971,17013,17056,17099,17143,17185,17226,17267,17308,17349,17389,17430,17473,17515,17557,17600,17644,17690,17737,17785,17832,17879,17926,17972,18020,18067,18115,18164,18214,18266,18321,18378,18436,18493,18551,18611,18672,18738,18814,18898,18990,19093,19208,19347,19525,19754,20014,20492
2026-10-05 07:00,2026-10-03 08:45,14666,13232,13736,14024,14231,14407,14549,14661,14762,14852,14947,15037,15115,15189,15259,15328,15397,15460,15522,15583,15642,15698,15752,15806,15858,15907,15953,16001,16050,16096,16138,16178,16219,16259,16298,16336,16374,16411,16450,16489,16530,16573,16617,16660,16702,16744,16784,16825,16866,16907,16948,16989,17030,17071,17113,17153,17192,17232,17271,17311,17351,17390,17430,17472,17512,17553,17593,17635,17678,17722,17765,17810,17853,17897,17941,17985,18030,18074,18119,18165,18213,18263,18317,18372,18428,18484,18541,18598,18657,18719,18789,18866,18952,19048,19156,19285,19448,19666,19927,20370
2026-10-05 08:00,2026-10-03 08:45,14560,13211,13734,14028,14244,14427,14570,14689,14793,14889,14991,15078,15157,15234,15306,15381,15449,15515,15580,15643,15702,15760,15817,15872,15923,15973,16024,16075,16120,16163,16205,16246,16286,16325,16364,16401,16439,16477,16516,16557,16600,16643,16684,16724,16764,16803,16842,16881,16920,16960,17000,17039,17078,17117,17156,17193,17231,17269,17307,17345,17383,17422,17463,17502,17542,17581,17621,17662,17704,17746,17789,17832,17874,17917,17959,18002,18045,18088,18132,18177,18223,18272,18325,18379,18434,18488,18543,18598,18654,18713,18779,18851,18931,19021,19124,19247,19399,19609,19878,20308
2026-10-05 09:00,2026-10-03 08:45,14276,12971,13481,13796,14006,14177,14328,14460,14569,14664,14751,14828,14907,14989,15060,15126,15191,15252,15312,15375,15435,15492,15549,15603,15658,15709,15761,15812,15863,15910,15954,16002,16049,16094,16136,16176,16215,16254,16292,16328,16365,16401,16437,16474,16512,16552,16594,16636,16677,16716,16756,16794,16833,16873,16913,16954,16994,17035,17076,17117,17158,17199,17239,17280,17322,17364,17406,17450,17494,17538,17581,17627,17672,17720,17767,17816,17864,17912,17961,18011,18060,18110,18163,18216,18273,18335,18398,18462,18525,18590,18657,18727,18806,18894,18995,19114,19260,19456,19745,20160
2026-10-05 10:00,2026-10-03 08:45,14026,12835,13336,13643,13860,14019,14160,14285,14400,14501,14588,14666,14739,14805,14871,14939,15006,15064,15121,15177,15231,15284,15339,15396,15449,15501,15552,15602,15652,15699,15748,15796,15845,15891,15935,15981,16027,16073,16115,16155,16195,16234,16272,16310,16347,16383,16419,16457,16495,16535,16578,16621,16664,16705,16746,16786,16827,16869,16911,16954,16997,17041,17085,17130,17175,17220,17265,17310,17357,17403,17452,17501,17549,17598,17648,17700,17752,17805,17857,17910,17964,18020,18076,18133,18192,18254,18320,18390,18460,18530,18603,18678,18759,18849,18952,19071,19217,19405,19687,20105
2026-10-05 11:00,2026-10-03 08:45,13850,12528,13042,13357,13579,13765,13905,14022,14130,14230,14323,14411,14493,14566,14633,14695,14755,14810,14866,14923,14981,15034,15083,15132,15181,15228,15275,15324,15377,15427,15476,15524,15571,15616,15662,15707,15754,15800,15846,15891,15935,15980,16025,16073,16115,16156,16197,16237,16276,16315,16353,16391,16429,16468,16509,16552,16598,16644,16689,16733,16776,16821,16867,16913,16960,17007,17054,17102,17153,17203,17254,17306,17360,17413,17468,17523,17579,17637,17696,17756,17818,17879,17941,18005,18071,18138,18207,18281,18361,18443,18525,18611,18701,18800,18912,19043,19201,19402,19697,20141
2026-10-05 12:00,2026-10-03 08:45,13645,12296,12858,13174,13400,13577,13733,13858,13962,14059,14149,14232,14312,14387,14460,14528,14590,14647,14700,14752,14801,14850,14900,14951,15001,15047,15092,15137,15182,15227,15271,15318,15369,15417,15463,15510,15555,15599,15644,15689,15733,15778,15824,15869,15914,15958,16005,16052,16098,16140,16183,16225,16266,16307,16347,16387,16427,16469,16514,16561,16611,16660,16707,16756,16804,16855,16906,16957,17008,17059,17112,17167,17223,17280,17338,17397,17456,17518,17581,17646,17714,17783,17852,17922,17994,18068,18144,18222,18306,18396,18488,18581,18682,18795,18923,19073,19248,19465,19777,20250
2026-10-05 13:00,2026-10-03 08:45,13446,11954,12478,12789,12997,13177,13327,13450,13559,13663,13757,13838,13911,13981,14049,14117,14181,14241,14300,14357,14413,14469,14522,14573,14620,14665,14709,14752,14792,14832,14873,14915,14959,15003,15044,15083,15124,15166,15208,15248,15291,15336,15383,15429,15473,15517,15560,15602,15645,15688,15732,15778,15824,15869,15914,15958,16006,16055,16103,16149,16195,16241,16287,16332,16377,16422,16469,16519,16571,16625,16677,16729,16782,16838,16897,16957,17018,17080,17147,17214,17284,17355,17427,17502,17578,17659,17743,17828,17916,18008,18105,18209,18324,18448,18578,18722,18905,19134,19447,19986
2026-10-05 14:00,2026-10-03 08:45,13168,11173,11744,12055,12266,12455,12617,12751,12864,12961,13058,13153,13241,13324,13399,13468,13535,13601,13669,13734,13792,13849,13905,13959,14014,14068,14119,14171,14219,14267,14316,14364,14413,14463,14511,14557,14601,14644,14686,14728,14769,14807,14848,14889,14932,14976,15019,15059,15101,15143,15187,15230,15272,15316,15364,15412,15458,15505,15550,15596,15642,15689,15737,15788,15840,15891,15941,15995,16051,16108,16162,16217,16273,16328,16383,16438,16495,16556,16620,16682,16744,16811,16883,16961,17041,17125,17211,17303,17397,17497,17600,17711,17826,17951,18092,18252,18448,18668,18982,19527
2026-10-05 15:00,2026-10-03 08:45,12713,9848,10475,10819,11067,11252,11397,11537,11659,11779,11880,11967,12047,12123,12193,12262,12332,12401,12467,12533,12596,12658,12717,12774,12826,12876,12924,12972,13023,13074,13125,13174,13222,13270,13317,13362,13407,13452,13496,13542,13587,13634,13681,13728,13773,13818,13863,13908,13953,13998,14041,14084,14128,14172,14215,14259,14304,14350,14397,14445,14493,14541,14586,14631,14677,14723,14769,14815,14862,14910,14962,15013,15061,15113,15166,15222,15276,15334,15396,15457,15520,15586,15653,15726,15808,15891,15978,16077,16176,16280,16385,16494,16618,16747,16899,17090,17315,17592,17940,18531
2026-10-05 16:00,2026-10-03 08:45,12132,8931,9464,9782,10004,10185,10323,10452,10572,10668,10748,10831,10909,10983,11053,11116,11180,11243,11302,11358,11413,11469,11525,11576,11627,11679,11732,11785,11834,11879,11923,11966,12006,12047,12088,12128,12168,12209,12251,12294,12337,12380,12422,12465,12509,12553,12597,12641,12684,12728,12771,12812,12853,12892,12932,12973,13017,13062,13107,13152,13197,13241,13288,13332,13377,13422,13468,13517,13566,13617,13670,13725,13779,13837,13896,13954,14010,14065,14123,14185,14247,14313,14380,14454,14528,14601,14675,14756,14841,14931,15027,15129,15245,15374,15517,15687,15906,16190,16557,17203
2026-10-05 17:00,2026-10-03 08:45,11448,8346,8852,9134,9331,9485,9615,9735,9833,9928,10009,10083,10159,10225,10286,10347,10409,10470,10529,10584,10634,10678,10720,10763,10809,10854,10897,10937,10978,11020,11059,11096,11134,11174,11214,11255,11294,11333,11371,11409,11448,11487,11527,11564,11601,11639,11679,11719,11760,11800,11838,11876,11913,11951,11986,12023,12059,12095,12131,12169,12208,12248,12290,12332,12376,12420,12466,12512,12560,12608,12657,12707,12759,12810,12860,12909,12961,13017,13077,13138,13201,13263,13328,13392,13461,13537,13616,13701,13794,13897,13997,14097,14212,14340,14489,14649,14840,15083,15432,16063
2026-10-05 18:00,2026-10-03 08:45,10825,7609,8069,8327,8518,8668,8807,8915,9009,9098,9178,9248,9317,9381,9440,9495,9548,9602,9657,9709,9756,9800,9845,9889,9934,9975,10013,10051,10089,10128,10167,10204,10240,10275,10311,10349,10387,10425,10462,10499,10535,10571,10606,10638,10669,10700,10731,10763,10797,10831,10864,10896,10927,10959,10991,11024,11056,11088,11121,11157,11194,11231,11269,11308,11346,11384,11423,11462,11502,11541,11580,11621,11663,11710,11757,11804,11850,11897,11944,11990,12039,12091,12144,12202,12263,12328,12398,12472,12551,12635,12731,12834,12938,13061,13202,13358,13552,13800,14132,14686
2026-10-05 19:00,2026-10-03 08:45,10372,6848,7273,7536,7728,7889,8014,8115,8204,8287,8361,8431,8498,8557,8611,8661,8715,8770,8821,8868,8911,8953,8993,9030,9070,9110,9150,9186,9222,9257,9293,9329,9365,9400,9432,9464,9496,9527,9560,9593,9628,9661,9694,9726,9756,9786,9817,9848,9880,9912,9945,9975,10005,10035,10066,10097,10128,10161,10193,10225,10257,10290,10325,10361,10398,10435,10471,10508,10544,10580,10615,10649,10682,10717,10753,10793,10833,10872,10911,10949,10990,11032,11076,11122,11174,11231,11292,11355,11419,11486,11555,11630,11723,11824,11929,12050,12205,12414,12704,13232
2026-10-05 20:00,2026-10-03 08:45,9936,6052,6535,6795,6979,7117,7238,7340,7432,7520,7604,7683,7758,7833,7901,7960,8015,8065,8113,8159,8206,8252,8296,8338,8379,8419,8459,8498,8533,8565,8597,8629,8660,8694,8729,8764,8799,8834,8866,8897,8928,8958,8986,9013,9042,9073,9104,9137,9168,9198,9228,9257,9288,9321,9353,9385,9416,9446,9476,9507,9539,9573,9607,9642,9676,9708,9741,9773,9806,9841,9876,9913,9950,9986,10022,10060,10099,10140,10183,10226,10271,10320,10372,10427,10481,10536,10594,10650,10708,10773,10847,10919,10996,11083,11188,11317,11465,11636,11903,12355
